date,apr
2020-12-01T00:00:00Z,0.1740251707100836
2020-12-02T00:00:00Z,0.1790920809395440
2020-12-03T00:00:00Z,0.1809849258293047
2020-12-04T00:00:00Z,0.1803066091272601
2020-12-05T00:00:00Z,0.1776753934212398
2020-12-06T00:00:00Z,0.1757163280519889
2020-12-07T00:00:00Z,0.1698353017183218
2020-12-08T00:00:00Z,0.1678451436057507
2020-12-09T00:00:00Z,0.1669095919966304
2020-12-10T00:00:00Z,0.1656390177770820
2020-12-11T00:00:00Z,0.1622832991187628
2020-12-12T00:00:00Z,0.1597729713430208
2020-12-13T00:00:00Z,0.1568064130595172
2020-12-14T00:00:00Z,0.1549298471446849
2020-12-15T00:00:00Z,0.1533473183919135
2020-12-16T00:00:00Z,0.1517161225416788
2020-12-17T00:00:00Z,0.1496186920309532
2020-12-18T00:00:00Z,0.1483504397615664
2020-12-19T00:00:00Z,0.1459167378600465
2020-12-20T00:00:00Z,0.1421046398507335
2020-12-21T00:00:00Z,0.1416911912954816
2020-12-22T00:00:00Z,0.1401971752964800
2020-12-23T00:00:00Z,0.1383933722367391
2020-12-24T00:00:00Z,0.1374479540777151
2020-12-25T00:00:00Z,0.1358455110912966
2020-12-26T00:00:00Z,0.1344991924173748
2020-12-27T00:00:00Z,0.1319578025240545
2020-12-28T00:00:00Z,0.1317411280632339
2020-12-29T00:00:00Z,0.1308162389151614
2020-12-30T00:00:00Z,0.1298727063466336
2020-12-31T00:00:00Z,0.1283432963751576
2021-01-01T00:00:00Z,0.1277557669141342
2021-01-02T00:00:00Z,0.1266064463019044
2021-01-03T00:00:00Z,0.1246351559177892
2021-01-04T00:00:00Z,0.1246962739246685
2021-01-05T00:00:00Z,0.1217243978677942
2021-01-06T00:00:00Z,0.1219907298037670
2021-01-07T00:00:00Z,0.1212711502275812
2021-01-08T00:00:00Z,0.1200235186817203
2021-01-09T00:00:00Z,0.1192503587334766
2021-01-10T00:00:00Z,0.1183361483527811
2021-01-11T00:00:00Z,0.1169734035125697
2021-01-12T00:00:00Z,0.1155045881610611
2021-01-13T00:00:00Z,0.1133490138821575
2021-01-14T00:00:00Z,0.1139202074486910
2021-01-15T00:00:00Z,0.1129074425550746
2021-01-16T00:00:00Z,0.1119844136132097
2021-01-17T00:00:00Z,0.1114012586785759
2021-01-18T00:00:00Z,0.1103961287185847
2021-01-19T00:00:00Z,0.1094219366971275
2021-01-20T00:00:00Z,0.1074565791114234
2021-01-21T00:00:00Z,0.1074731289180249
2021-01-22T00:00:00Z,0.1080660396905103
2021-01-23T00:00:00Z,0.1080104140645898
2021-01-24T00:00:00Z,0.1068180904238643
2021-01-25T00:00:00Z,0.1065842620147185
2021-01-26T00:00:00Z,0.1055023938851518
2021-01-27T00:00:00Z,0.1034943676784121
2021-01-28T00:00:00Z,0.1028671932433606
2021-01-29T00:00:00Z,0.1022675206426051
2021-01-30T00:00:00Z,0.1009063070882401
2021-01-31T00:00:00Z,0.1009147175278961
2021-02-01T00:00:00Z,0.1004254424930564
2021-02-02T00:00:00Z,0.0971456080603442
2021-02-03T00:00:00Z,0.0976038317496941
2021-02-04T00:00:00Z,0.0976331989138863
2021-02-05T00:00:00Z,0.0961950173154837
2021-02-06T00:00:00Z,0.0973959314583425
2021-02-07T00:00:00Z,0.0967096088053282
2021-02-08T00:00:00Z,0.0953034149885218
2021-02-09T00:00:00Z,0.0957255721803377
2021-02-10T00:00:00Z,0.0965803646151077
2021-02-11T00:00:00Z,0.0962940621931879
2021-02-12T00:00:00Z,0.0958962496636869
2021-02-13T00:00:00Z,0.0943747677932214
2021-02-14T00:00:00Z,0.0942535580621292
2021-02-15T00:00:00Z,0.0925101031080087
2021-02-16T00:00:00Z,0.0922683509976519
2021-02-17T00:00:00Z,0.0917986823795883
2021-02-18T00:00:00Z,0.0920551110674943
2021-02-19T00:00:00Z,0.0916840204968345
2021-02-20T00:00:00Z,0.0926361005108235
2021-02-21T00:00:00Z,0.0916392074532459
2021-02-22T00:00:00Z,0.0917028211574647
2021-02-23T00:00:00Z,0.0911375232162529
2021-02-24T00:00:00Z,0.0899749855236209
2021-02-25T00:00:00Z,0.0893846792207155
2021-02-26T00:00:00Z,0.0898161949363860
2021-02-27T00:00:00Z,0.0890134076518373
2021-02-28T00:00:00Z,0.0894971960441098
2021-03-01T00:00:00Z,0.0877993295318604
2021-03-02T00:00:00Z,0.0878334169516736
2021-03-03T00:00:00Z,0.0870663869246741
2021-03-04T00:00:00Z,0.0869707100204574
2021-03-05T00:00:00Z,0.0877209754174812
2021-03-06T00:00:00Z,0.0869814364207967
2021-03-07T00:00:00Z,0.0870422452845440
2021-03-08T00:00:00Z,0.0866810178710036
2021-03-09T00:00:00Z,0.0841804494722381
2021-03-10T00:00:00Z,0.0838858308638905
2021-03-11T00:00:00Z,0.0851803073092342
2021-03-12T00:00:00Z,0.0852785614693891
2021-03-13T00:00:00Z,0.0856094461675584
2021-03-14T00:00:00Z,0.0852908401144947
2021-03-15T00:00:00Z,0.0845810095231556
2021-03-16T00:00:00Z,0.0845919567690874
2021-03-17T00:00:00Z,0.0852068808696783
2021-03-18T00:00:00Z,0.0850738493913043
2021-03-19T00:00:00Z,0.0854009689250163
2021-03-20T00:00:00Z,0.0853198420626836
2021-03-21T00:00:00Z,0.0849776009418546
2021-03-22T00:00:00Z,0.0849469230403716
2021-03-23T00:00:00Z,0.0853301273909712
2021-03-24T00:00:00Z,0.0849305626625464
2021-03-25T00:00:00Z,0.0853748289076823
2021-03-26T00:00:00Z,0.0856412446395796
2021-03-27T00:00:00Z,0.0858173308738447
2021-03-28T00:00:00Z,0.0854349347252694
2021-03-29T00:00:00Z,0.0855090626185510
2021-03-30T00:00:00Z,0.0852829677810535
2021-03-31T00:00:00Z,0.0848565102651652
2021-04-01T00:00:00Z,0.0846072362893020
2021-04-02T00:00:00Z,0.0847129161297812
2021-04-03T00:00:00Z,0.0845101750096384
2021-04-04T00:00:00Z,0.0842639685087294
2021-04-05T00:00:00Z,0.0835115219564235
2021-04-06T00:00:00Z,0.0832018401742342
2021-04-07T00:00:00Z,0.0810861217448384
2021-04-08T00:00:00Z,0.0820487666251904
2021-04-09T00:00:00Z,0.0818122367879017
2021-04-10T00:00:00Z,0.0822369904509554
2021-04-11T00:00:00Z,0.0822940693031354
2021-04-12T00:00:00Z,0.0819912982586050
2021-04-13T00:00:00Z,0.0820528329133226
2021-04-14T00:00:00Z,0.0832434465141955
2021-04-15T00:00:00Z,0.0821224467910439
2021-04-16T00:00:00Z,0.0824083239257020
2021-04-17T00:00:00Z,0.0817696440317554
2021-04-18T00:00:00Z,0.0820405151094210
2021-04-19T00:00:00Z,0.0823478738136525
2021-04-20T00:00:00Z,0.0827453834103441
2021-04-21T00:00:00Z,0.0825941997968971
2021-04-22T00:00:00Z,0.0823412901438672
2021-04-23T00:00:00Z,0.0802271120910962
2021-04-24T00:00:00Z,0.0800957416704774
2021-04-25T00:00:00Z,0.0812121039977302
2021-04-26T00:00:00Z,0.0811258783136483
2021-04-27T00:00:00Z,0.0810097478995925
2021-04-28T00:00:00Z,0.0804543576724808
2021-04-29T00:00:00Z,0.0808975842914143
2021-04-30T00:00:00Z,0.0807763613119580
2021-05-01T00:00:00Z,0.0804556618318624
2021-05-02T00:00:00Z,0.0803721621093360
2021-05-03T00:00:00Z,0.0801382340790233
2021-05-04T00:00:00Z,0.0802493210276805
2021-05-05T00:00:00Z,0.0796577328011788
2021-05-06T00:00:00Z,0.0796016980667290
2021-05-07T00:00:00Z,0.0789069858922516
2021-05-08T00:00:00Z,0.0789757134554714
2021-05-09T00:00:00Z,0.0789841868213971
2021-05-10T00:00:00Z,0.0785141967803812
2021-05-11T00:00:00Z,0.0784225507326004
2021-05-12T00:00:00Z,0.0782627016445509
2021-05-13T00:00:00Z,0.0763062276238346
2021-05-14T00:00:00Z,0.0763940317103359
2021-05-15T00:00:00Z,0.0772399452711240
2021-05-16T00:00:00Z,0.0770964465072110
2021-05-17T00:00:00Z,0.0768578115936762
2021-05-18T00:00:00Z,0.0762453654822199
2021-05-19T00:00:00Z,0.0761452221638316
2021-05-20T00:00:00Z,0.0761227146101875
2021-05-21T00:00:00Z,0.0757497883898192
2021-05-22T00:00:00Z,0.0752098862939416
2021-05-23T00:00:00Z,0.0749162575781316
2021-05-24T00:00:00Z,0.0752110607625325
2021-05-25T00:00:00Z,0.0746966251845277
2021-05-26T00:00:00Z,0.0739537828590127
2021-05-27T00:00:00Z,0.0741814278037874
2021-05-28T00:00:00Z,0.0741531173440382
2021-05-29T00:00:00Z,0.0739046343936328
2021-05-30T00:00:00Z,0.0736670680840325
2021-05-31T00:00:00Z,0.0730646532619930
2021-06-01T00:00:00Z,0.0725231714421611
2021-06-02T00:00:00Z,0.0723117626985960
2021-06-03T00:00:00Z,0.0722122658175306
2021-06-04T00:00:00Z,0.0723223191937074
2021-06-05T00:00:00Z,0.0721982915449246
2021-06-06T00:00:00Z,0.0721866856072159
2021-06-07T00:00:00Z,0.0715982281343918
2021-06-08T00:00:00Z,0.0709602920213626
2021-06-09T00:00:00Z,0.0706554764305133
2021-06-10T00:00:00Z,0.0705246688469599
2021-06-11T00:00:00Z,0.0704043070661407
2021-06-12T00:00:00Z,0.0701450266436997
2021-06-13T00:00:00Z,0.0704887994105390
2021-06-14T00:00:00Z,0.0697481130074017
2021-06-15T00:00:00Z,0.0699774898880896
2021-06-16T00:00:00Z,0.0686260989225401
2021-06-17T00:00:00Z,0.0698937524201833
2021-06-18T00:00:00Z,0.0693888866485291
2021-06-19T00:00:00Z,0.0687830064221366
2021-06-20T00:00:00Z,0.0688685863880022
2021-06-21T00:00:00Z,0.0691111563669295
2021-06-22T00:00:00Z,0.0691163812460260
2021-06-23T00:00:00Z,0.0684820583170097
2021-06-24T00:00:00Z,0.0684709420334960
2021-06-25T00:00:00Z,0.0686034118813511
2021-06-26T00:00:00Z,0.0684500708661096
2021-06-27T00:00:00Z,0.0679517712484068
2021-06-28T00:00:00Z,0.0679053899427879
2021-06-29T00:00:00Z,0.0676224362650625
2021-06-30T00:00:00Z,0.0677390998599550
2021-07-01T00:00:00Z,0.0674277055937802
2021-07-02T00:00:00Z,0.0674088505458735
2021-07-03T00:00:00Z,0.0668279416906346
2021-07-04T00:00:00Z,0.0667484353662843
2021-07-05T00:00:00Z,0.0663978478806831
2021-07-06T00:00:00Z,0.0663179004825099
2021-07-07T00:00:00Z,0.0661643622694379
2021-07-08T00:00:00Z,0.0663163925178791
2021-07-09T00:00:00Z,0.0659555460986563
2021-07-10T00:00:00Z,0.0658886698493740
2021-07-11T00:00:00Z,0.0654589241291149
2021-07-12T00:00:00Z,0.0658087644509322
2021-07-13T00:00:00Z,0.0650193079988199
2021-07-14T00:00:00Z,0.0651460803299268
2021-07-15T00:00:00Z,0.0651152208910667
2021-07-16T00:00:00Z,0.0651351216898822
2021-07-17T00:00:00Z,0.0647691451509528
2021-07-18T00:00:00Z,0.0646476002340418
2021-07-19T00:00:00Z,0.0644805189353844
2021-07-20T00:00:00Z,0.0642059633649824
2021-07-21T00:00:00Z,0.0634844894453487
2021-07-22T00:00:00Z,0.0632894984449372
2021-07-23T00:00:00Z,0.0640874751368036
2021-07-24T00:00:00Z,0.0641953201298309
2021-07-25T00:00:00Z,0.0636520574684631
2021-07-26T00:00:00Z,0.0641046369148770
2021-07-27T00:00:00Z,0.0639945325171522
2021-07-28T00:00:00Z,0.0640330059007258
2021-07-29T00:00:00Z,0.0632199651451684
2021-07-30T00:00:00Z,0.0631706600872869
2021-07-31T00:00:00Z,0.0630936045079910
2021-08-01T00:00:00Z,0.0631461330903682
2021-08-02T00:00:00Z,0.0630032642380455
2021-08-03T00:00:00Z,0.0631548979521840
2021-08-04T00:00:00Z,0.0631056572588013
2021-08-05T00:00:00Z,0.0629281817666834
2021-08-06T00:00:00Z,0.0628612449989423
2021-08-07T00:00:00Z,0.0627223141523301
2021-08-08T00:00:00Z,0.0624921841937961
2021-08-09T00:00:00Z,0.0623585354768488
2021-08-10T00:00:00Z,0.0625861569420878
2021-08-11T00:00:00Z,0.0622681182325464
2021-08-12T00:00:00Z,0.0620453891081033
2021-08-13T00:00:00Z,0.0621894479658864
2021-08-14T00:00:00Z,0.0622139120323802
2021-08-15T00:00:00Z,0.0621775833383652
2021-08-16T00:00:00Z,0.0617983643376278
2021-08-17T00:00:00Z,0.0616825416168238
2021-08-18T00:00:00Z,0.0614765645618144
2021-08-19T00:00:00Z,0.0603961066926347
2021-08-20T00:00:00Z,0.0598591501074446
2021-08-21T00:00:00Z,0.0612385779500961
2021-08-22T00:00:00Z,0.0604865414906710
2021-08-23T00:00:00Z,0.0604870667459698
2021-08-24T00:00:00Z,0.0601979756491373
2021-08-25T00:00:00Z,0.0600499639930500
2021-08-26T00:00:00Z,0.0597823114204946
2021-08-27T00:00:00Z,0.0595077751566124
2021-08-28T00:00:00Z,0.0594048383825606
2021-08-29T00:00:00Z,0.0593881868347674
2021-08-30T00:00:00Z,0.0591260418096621
2021-08-31T00:00:00Z,0.0591960301926669
2021-09-01T00:00:00Z,0.0588508673365312
2021-09-02T00:00:00Z,0.0586292199997459
2021-09-03T00:00:00Z,0.0593683761733791
2021-09-04T00:00:00Z,0.0592123971370547
2021-09-05T00:00:00Z,0.0591237036577646
2021-09-06T00:00:00Z,0.0588348532990066
2021-09-07T00:00:00Z,0.0577714296703170
2021-09-08T00:00:00Z,0.0578064373163589
2021-09-09T00:00:00Z,0.0584175225693498
2021-09-10T00:00:00Z,0.0586609329675497
2021-09-11T00:00:00Z,0.0583155040009548
2021-09-12T00:00:00Z,0.0583770465133414
2021-09-13T00:00:00Z,0.0581733212312075
2021-09-14T00:00:00Z,0.0577054737489347
2021-09-15T00:00:00Z,0.0579497173250322
2021-09-16T00:00:00Z,0.0581293460497391
2021-09-17T00:00:00Z,0.0580232833512871
2021-09-18T00:00:00Z,0.0577512920389966
2021-09-19T00:00:00Z,0.0575263377785879
2021-09-20T00:00:00Z,0.0575993336309559
2021-09-21T00:00:00Z,0.0574942990379792
2021-09-22T00:00:00Z,0.0576997484179276
2021-09-23T00:00:00Z,0.0571911606827962
2021-09-24T00:00:00Z,0.0574845289369010
2021-09-25T00:00:00Z,0.0575593660555513
2021-09-26T00:00:00Z,0.0574917820932235
2021-09-27T00:00:00Z,0.0571891659156555
2021-09-28T00:00:00Z,0.0574312040806008
2021-09-29T00:00:00Z,0.0572323434882615
2021-09-30T00:00:00Z,0.0570867140248622
2021-10-01T00:00:00Z,0.0572465555352983
2021-10-02T00:00:00Z,0.0567981675748575
2021-10-03T00:00:00Z,0.0571887120580820
2021-10-04T00:00:00Z,0.0570980504683553
2021-10-05T00:00:00Z,0.0569080946146036
2021-10-06T00:00:00Z,0.0564112574577079
2021-10-07T00:00:00Z,0.0566750855956070
2021-10-08T00:00:00Z,0.0568856643045314
2021-10-09T00:00:00Z,0.0567899238056091
2021-10-10T00:00:00Z,0.0562445659297780
2021-10-11T00:00:00Z,0.0568450713491617
2021-10-12T00:00:00Z,0.0560065972448187
2021-10-13T00:00:00Z,0.0557686218963837
2021-10-14T00:00:00Z,0.0564699220365084
2021-10-15T00:00:00Z,0.0566637902314532
2021-10-16T00:00:00Z,0.0550561713394161
2021-10-17T00:00:00Z,0.0540949028724348
2021-10-18T00:00:00Z,0.0563244334087364
2021-10-19T00:00:00Z,0.0566841053895781
2021-10-20T00:00:00Z,0.0566319413677499
2021-10-21T00:00:00Z,0.0566062388296562
2021-10-22T00:00:00Z,0.0567329651149261
2021-10-23T00:00:00Z,0.0568345907478897
2021-10-24T00:00:00Z,0.0565563321406272
2021-10-25T00:00:00Z,0.0567295739638102
2021-10-26T00:00:00Z,0.0570388224912158
2021-10-27T00:00:00Z,0.0527784172555713
2021-10-28T00:00:00Z,0.0562308827613092
2021-10-29T00:00:00Z,0.0563294081850613
2021-10-30T00:00:00Z,0.0564848562376352
2021-10-31T00:00:00Z,0.0565377276863316
2021-11-01T00:00:00Z,0.0565085029212391
2021-11-02T00:00:00Z,0.0566258163067893
2021-11-03T00:00:00Z,0.0565712230866262
2021-11-04T00:00:00Z,0.0563869034933175
2021-11-05T00:00:00Z,0.0564788000777567
2021-11-06T00:00:00Z,0.0564214758032539
2021-11-07T00:00:00Z,0.0561890400452447
2021-11-08T00:00:00Z,0.0560044992930315
2021-11-09T00:00:00Z,0.0559639518692255
2021-11-10T00:00:00Z,0.0559839890881051
2021-11-11T00:00:00Z,0.0558724371518682
2021-11-12T00:00:00Z,0.0558751066474541
2021-11-13T00:00:00Z,0.0559108763512048
2021-11-14T00:00:00Z,0.0558809217792772
2021-11-15T00:00:00Z,0.0558896546537829
2021-11-16T00:00:00Z,0.0556246349107223
2021-11-17T00:00:00Z,0.0556329356995097
2021-11-18T00:00:00Z,0.0557962357021075
2021-11-19T00:00:00Z,0.0555457344072054
2021-11-20T00:00:00Z,0.0549928498825706
2021-11-21T00:00:00Z,0.0551261108143312
2021-11-22T00:00:00Z,0.0552294461156777
2021-11-23T00:00:00Z,0.0552031254993018
2021-11-24T00:00:00Z,0.0549013489586240
2021-11-25T00:00:00Z,0.0550693247548308
2021-11-26T00:00:00Z,0.0548282548874589
2021-11-27T00:00:00Z,0.0548791515635208
2021-11-28T00:00:00Z,0.0548543084741973
2021-11-29T00:00:00Z,0.0551051888223121
2021-11-30T00:00:00Z,0.0552164080595409
2021-12-01T00:00:00Z,0.0549652964134496
2021-12-02T00:00:00Z,0.0550389221754730
2021-12-03T00:00:00Z,0.0544605592001766
2021-12-04T00:00:00Z,0.0544529062720833
2021-12-05T00:00:00Z,0.0546165342720957
2021-12-06T00:00:00Z,0.0546053233745596
2021-12-07T00:00:00Z,0.0546247900385264
2021-12-08T00:00:00Z,0.0548565738462808
2021-12-09T00:00:00Z,0.0545923879928555
2021-12-10T00:00:00Z,0.0547156520368576
2021-12-11T00:00:00Z,0.0545603986712759
2021-12-12T00:00:00Z,0.0545233926272425
2021-12-13T00:00:00Z,0.0547241332633397
2021-12-14T00:00:00Z,0.0550585736732694
2021-12-15T00:00:00Z,0.0548901552046086
2021-12-16T00:00:00Z,0.0550330196629510
2021-12-17T00:00:00Z,0.0550048188179750
2021-12-18T00:00:00Z,0.0549854234677491
2021-12-19T00:00:00Z,0.0547362548773491
2021-12-20T00:00:00Z,0.0548838315250507
2021-12-21T00:00:00Z,0.0548074751361258
2021-12-22T00:00:00Z,0.0545900694704301
2021-12-23T00:00:00Z,0.0547032271514169
2021-12-24T00:00:00Z,0.0547444056541601
2021-12-25T00:00:00Z,0.0546642695388247
2021-12-26T00:00:00Z,0.0544317380082081
2021-12-27T00:00:00Z,0.0542100449580652
2021-12-28T00:00:00Z,0.0542255187125566
2021-12-29T00:00:00Z,0.0543443408632838
2021-12-30T00:00:00Z,0.0544133730517291
2021-12-31T00:00:00Z,0.0541940492302458
2022-01-01T00:00:00Z,0.0543625435394384
2022-01-02T00:00:00Z,0.0540133320673391
2022-01-03T00:00:00Z,0.0539337100832574
2022-01-04T00:00:00Z,0.0534588715363599
2022-01-05T00:00:00Z,0.0534746922739167
2022-01-06T00:00:00Z,0.0539546170097451
2022-01-07T00:00:00Z,0.0538168469852096
2022-01-08T00:00:00Z,0.0541046043406991
2022-01-09T00:00:00Z,0.0541267788899427
2022-01-10T00:00:00Z,0.0538992755290553
2022-01-11T00:00:00Z,0.0542146805160357
2022-01-12T00:00:00Z,0.0541552547501227
2022-01-13T00:00:00Z,0.0541987578710896
2022-01-14T00:00:00Z,0.0540616410116433
2022-01-15T00:00:00Z,0.0540105642431851
2022-01-16T00:00:00Z,0.0536782442173644
2022-01-17T00:00:00Z,0.0534772094565825
2022-01-18T00:00:00Z,0.0537389015200332
2022-01-19T00:00:00Z,0.0537874762933001
2022-01-20T00:00:00Z,0.0535641373383752
2022-01-21T00:00:00Z,0.0537074147653501
2022-01-22T00:00:00Z,0.0536510633514311
2022-01-23T00:00:00Z,0.0532911782658731
2022-01-24T00:00:00Z,0.0533249183977590
2022-01-25T00:00:00Z,0.0533663990412046
2022-01-26T00:00:00Z,0.0533210088151921
2022-01-27T00:00:00Z,0.0532714193222938
2022-01-28T00:00:00Z,0.0529814131485260
2022-01-29T00:00:00Z,0.0531673078788585
2022-01-30T00:00:00Z,0.0531422566782919
2022-01-31T00:00:00Z,0.0529468006548994
2022-02-01T00:00:00Z,0.0528034909253804
2022-02-02T00:00:00Z,0.0527863002738491
2022-02-03T00:00:00Z,0.0526906333021239
2022-02-04T00:00:00Z,0.0526057161209715
2022-02-05T00:00:00Z,0.0527896752307773
2022-02-06T00:00:00Z,0.0527063249547004
2022-02-07T00:00:00Z,0.0528882938136795
2022-02-08T00:00:00Z,0.0529085388160710
2022-02-09T00:00:00Z,0.0527609790864113
2022-02-10T00:00:00Z,0.0527849931124526
2022-02-11T00:00:00Z,0.0526661672055202
2022-02-12T00:00:00Z,0.0524751956899858
2022-02-13T00:00:00Z,0.0526649862740175
2022-02-14T00:00:00Z,0.0525072497367639
2022-02-15T00:00:00Z,0.0524727173824781
2022-02-16T00:00:00Z,0.0527579395483139
2022-02-17T00:00:00Z,0.0525710189151731
2022-02-18T00:00:00Z,0.0524340106606313
2022-02-19T00:00:00Z,0.0523362350494788
2022-02-20T00:00:00Z,0.0525484415674537
2022-02-21T00:00:00Z,0.0523688586925300
2022-02-22T00:00:00Z,0.0523514801110680
2022-02-23T00:00:00Z,0.0520479182267692
2022-02-24T00:00:00Z,0.0520032746491585
2022-02-25T00:00:00Z,0.0518882406901203
2022-02-26T00:00:00Z,0.0518778987350066
2022-02-27T00:00:00Z,0.0516432611711400
2022-02-28T00:00:00Z,0.0518227182515504
2022-03-01T00:00:00Z,0.0517374645853984
2022-03-02T00:00:00Z,0.0516896124414400
2022-03-03T00:00:00Z,0.0514191550560583
2022-03-04T00:00:00Z,0.0516734868693116
2022-03-05T00:00:00Z,0.0515918538683813
2022-03-06T00:00:00Z,0.0516141765751495
2022-03-07T00:00:00Z,0.0514942491639824
2022-03-08T00:00:00Z,0.0512935969506736
2022-03-09T00:00:00Z,0.0513421699043356
2022-03-10T00:00:00Z,0.0511192192757275
2022-03-11T00:00:00Z,0.0510594071127173
2022-03-12T00:00:00Z,0.0509234933111510
2022-03-13T00:00:00Z,0.0508964029930462
2022-03-14T00:00:00Z,0.0508036695268854
2022-03-15T00:00:00Z,0.0502134520178879
2022-03-16T00:00:00Z,0.0508120877215142
2022-03-17T00:00:00Z,0.0507277480509952
2022-03-18T00:00:00Z,0.0506231800204568
2022-03-19T00:00:00Z,0.0505812966100475
2022-03-20T00:00:00Z,0.0506355273502154
2022-03-21T00:00:00Z,0.0505826995423250
2022-03-22T00:00:00Z,0.0504596635480155
2022-03-23T00:00:00Z,0.0505828377001141
2022-03-24T00:00:00Z,0.0502592694710865
2022-03-25T00:00:00Z,0.0500832007700546
2022-03-26T00:00:00Z,0.0501175676902591
2022-03-27T00:00:00Z,0.0502272120433591
2022-03-28T00:00:00Z,0.0498363951655793
2022-03-29T00:00:00Z,0.0498074297366608
2022-03-30T00:00:00Z,0.0497878496395486
2022-03-31T00:00:00Z,0.0499151694697497
2022-04-01T00:00:00Z,0.0500877258911545
2022-04-02T00:00:00Z,0.0501003607719683
2022-04-03T00:00:00Z,0.0499983375813400
2022-04-04T00:00:00Z,0.0499089071314732
2022-04-05T00:00:00Z,0.0498583912204133
2022-04-06T00:00:00Z,0.0495225957450562
2022-04-07T00:00:00Z,0.0493233733759354
2022-04-08T00:00:00Z,0.0492821668054444
2022-04-09T00:00:00Z,0.0492488659949515
2022-04-10T00:00:00Z,0.0494650014430229
2022-04-11T00:00:00Z,0.0492397004846974
2022-04-12T00:00:00Z,0.0490838896854534
2022-04-13T00:00:00Z,0.0490110134047601
2022-04-14T00:00:00Z,0.0488988847863436
2022-04-15T00:00:00Z,0.0488234368273820
2022-04-16T00:00:00Z,0.0485142053938101
2022-04-17T00:00:00Z,0.0485215020652466
2022-04-18T00:00:00Z,0.0484077204628044
2022-04-19T00:00:00Z,0.0483264545444833
2022-04-20T00:00:00Z,0.0483259880112404
2022-04-21T00:00:00Z,0.0480952602817427
2022-04-22T00:00:00Z,0.0477617136185799
2022-04-23T00:00:00Z,0.0479956533300643
2022-04-24T00:00:00Z,0.0479437406316485
2022-04-25T00:00:00Z,0.0477414836111792
2022-04-26T00:00:00Z,0.0474931310449063
2022-04-27T00:00:00Z,0.0474180480970475
2022-04-28T00:00:00Z,0.0475017876765733
2022-04-29T00:00:00Z,0.0475346409428424
2022-04-30T00:00:00Z,0.0474048280699712
2022-05-01T00:00:00Z,0.0471340352225864
2022-05-02T00:00:00Z,0.0466261232123481
2022-05-03T00:00:00Z,0.0470857532855954
2022-05-04T00:00:00Z,0.0469715468834937
2022-05-05T00:00:00Z,0.0470150034349794
2022-05-06T00:00:00Z,0.0465168316586411
2022-05-07T00:00:00Z,0.0467518154168384
2022-05-08T00:00:00Z,0.0468859852851982
2022-05-09T00:00:00Z,0.0467898782214219
2022-05-10T00:00:00Z,0.0466009563704204
2022-05-11T00:00:00Z,0.0468015756235036
2022-05-12T00:00:00Z,0.0465389824069401
2022-05-13T00:00:00Z,0.0463036130952076
2022-05-14T00:00:00Z,0.0465518768927790
2022-05-15T00:00:00Z,0.0462927945224716
2022-05-16T00:00:00Z,0.0463979616900749
2022-05-17T00:00:00Z,0.0462830787124640
2022-05-18T00:00:00Z,0.0460976149300780
2022-05-19T00:00:00Z,0.0456363095720313
2022-05-20T00:00:00Z,0.0457824386773701
2022-05-21T00:00:00Z,0.0460123680691455
2022-05-22T00:00:00Z,0.0445120020726249
2022-05-23T00:00:00Z,0.0460676073381526
2022-05-24T00:00:00Z,0.0458381738094735
2022-05-25T00:00:00Z,0.0458086293641483
2022-05-26T00:00:00Z,0.0455750709889520
2022-05-27T00:00:00Z,0.0456795759031340
2022-05-28T00:00:00Z,0.0455623787742312
2022-05-29T00:00:00Z,0.0454739476498567
2022-05-30T00:00:00Z,0.0454516958221636
2022-05-31T00:00:00Z,0.0454647637144110
2022-06-01T00:00:00Z,0.0453532997291207
2022-06-02T00:00:00Z,0.0454673770429418
2022-06-03T00:00:00Z,0.0454575991503616
2022-06-04T00:00:00Z,0.0451184200593539
2022-06-05T00:00:00Z,0.0452508392245673
2022-06-06T00:00:00Z,0.0453540616009622
2022-06-07T00:00:00Z,0.0453299396316226
2022-06-08T00:00:00Z,0.0453119054043815
2022-06-09T00:00:00Z,0.0452795043309660
2022-06-10T00:00:00Z,0.0453070616049188
2022-06-11T00:00:00Z,0.0453273680319437
2022-06-12T00:00:00Z,0.0451028605044943
2022-06-13T00:00:00Z,0.0450491441857697
2022-06-14T00:00:00Z,0.0451814166043837
2022-06-15T00:00:00Z,0.0449193813001886
2022-06-16T00:00:00Z,0.0448875323905721
2022-06-17T00:00:00Z,0.0449914202345244
2022-06-18T00:00:00Z,0.0445796540894726
2022-06-19T00:00:00Z,0.0450254312580147
2022-06-20T00:00:00Z,0.0450446557298568
2022-06-21T00:00:00Z,0.0450505636967647
2022-06-22T00:00:00Z,0.0448865787313961
2022-06-23T00:00:00Z,0.0450515835353316
2022-06-24T00:00:00Z,0.0449558041273732
2022-06-25T00:00:00Z,0.0450045930454077
2022-06-26T00:00:00Z,0.0449178578120034
2022-06-27T00:00:00Z,0.0449528338658588
2022-06-28T00:00:00Z,0.0449844319063595
2022-06-29T00:00:00Z,0.0450185772081120
2022-06-30T00:00:00Z,0.0448963489331210
2022-07-01T00:00:00Z,0.0448056812688614
2022-07-02T00:00:00Z,0.0448412293223832
2022-07-03T00:00:00Z,0.0448847946285302
2022-07-04T00:00:00Z,0.0449440662957790
2022-07-05T00:00:00Z,0.0448420652430361
2022-07-06T00:00:00Z,0.0448838089029532
2022-07-07T00:00:00Z,0.0450134293422321
2022-07-08T00:00:00Z,0.0450241636851168
2022-07-09T00:00:00Z,0.0450469179888354
2022-07-10T00:00:00Z,0.0449864549772859
2022-07-11T00:00:00Z,0.0446982227669478
2022-07-12T00:00:00Z,0.0447432395944391
2022-07-13T00:00:00Z,0.0447267976429891
2022-07-14T00:00:00Z,0.0445844323269898
2022-07-15T00:00:00Z,0.0447660217293105
2022-07-16T00:00:00Z,0.0446498872130804
2022-07-17T00:00:00Z,0.0448689638578592
2022-07-18T00:00:00Z,0.0449250374135387
2022-07-19T00:00:00Z,0.0448305465041882
2022-07-20T00:00:00Z,0.0446940163045609
2022-07-21T00:00:00Z,0.0447551098318613
2022-07-22T00:00:00Z,0.0449492722458813
2022-07-23T00:00:00Z,0.0450620652483223
2022-07-24T00:00:00Z,0.0449614737766449
2022-07-25T00:00:00Z,0.0450144333557704
2022-07-26T00:00:00Z,0.0448991986741419
2022-07-27T00:00:00Z,0.0451451366147124
2022-07-28T00:00:00Z,0.0441578229610463
2022-07-29T00:00:00Z,0.0448936512575377
2022-07-30T00:00:00Z,0.0449054192080590
2022-07-31T00:00:00Z,0.0449384750132495
2022-08-01T00:00:00Z,0.0449488574276802
2022-08-02T00:00:00Z,0.0448515461515839
2022-08-03T00:00:00Z,0.0448678389137541
2022-08-04T00:00:00Z,0.0448464910606799
2022-08-05T00:00:00Z,0.0448174815293956
2022-08-06T00:00:00Z,0.0446323368410803
2022-08-07T00:00:00Z,0.0449891971113684
2022-08-08T00:00:00Z,0.0447471078139499
2022-08-09T00:00:00Z,0.0448089432128791
2022-08-10T00:00:00Z,0.0448457794102875
2022-08-11T00:00:00Z,0.0448180637366094
2022-08-12T00:00:00Z,0.0447476193163793
2022-08-13T00:00:00Z,0.0447373215802625
2022-08-14T00:00:00Z,0.0447742382445026
2022-08-15T00:00:00Z,0.0444244198578521
2022-08-16T00:00:00Z,0.0445949134062166
2022-08-17T00:00:00Z,0.0445290754867164
2022-08-18T00:00:00Z,0.0443411743987423
2022-08-19T00:00:00Z,0.0447415246370259
2022-08-20T00:00:00Z,0.0445974974902776
2022-08-21T00:00:00Z,0.0445138598341332
2022-08-22T00:00:00Z,0.0444471782578319
2022-08-23T00:00:00Z,0.0443733904978292
2022-08-24T00:00:00Z,0.0442931430461308
2022-08-25T00:00:00Z,0.0437801175978413
2022-08-26T00:00:00Z,0.0445719221924891
2022-08-27T00:00:00Z,0.0445066470127722
2022-08-28T00:00:00Z,0.0442921418046413
2022-08-29T00:00:00Z,0.0442878020690109
2022-08-30T00:00:00Z,0.0440909558683678
2022-08-31T00:00:00Z,0.0444231581369495
2022-09-01T00:00:00Z,0.0441646192790228
2022-09-02T00:00:00Z,0.0440565384827431
2022-09-03T00:00:00Z,0.0441286166363432
2022-09-04T00:00:00Z,0.0439825922593417
2022-09-05T00:00:00Z,0.0437643508951151
2022-09-06T00:00:00Z,0.0415812202426837
2022-09-07T00:00:00Z,0.0432590279496885
2022-09-08T00:00:00Z,0.0435673635120474
2022-09-09T00:00:00Z,0.0436874274840388
2022-09-10T00:00:00Z,0.0437481254285598
2022-09-11T00:00:00Z,0.0437060254174322
2022-09-12T00:00:00Z,0.0436857247720110
2022-09-13T00:00:00Z,0.0438217128040589
2022-09-14T00:00:00Z,0.0483393016258948
2022-09-15T00:00:00Z,0.0585407092675272
2022-09-16T00:00:00Z,0.0561109681923984
2022-09-17T00:00:00Z,0.0523161703173462
2022-09-18T00:00:00Z,0.0580190610780390
2022-09-19T00:00:00Z,0.0553300143679945
2022-09-20T00:00:00Z,0.0574380919986622
2022-09-21T00:00:00Z,0.0624916404102065
2022-09-22T00:00:00Z,0.0563883368239018
2022-09-23T00:00:00Z,0.0559423867672729
2022-09-24T00:00:00Z,0.0530579632052456
2022-09-25T00:00:00Z,0.0566307915815918
2022-09-26T00:00:00Z,0.0573225936912914
2022-09-27T00:00:00Z,0.0562011714043494
2022-09-28T00:00:00Z,0.0581182751508108
2022-09-29T00:00:00Z,0.0566898624989534
2022-09-30T00:00:00Z,0.0551250041154033
2022-10-01T00:00:00Z,0.0521550774355553
2022-10-02T00:00:00Z,0.0533508263616052
2022-10-03T00:00:00Z,0.0540271368038568
2022-10-04T00:00:00Z,0.0539574679428773
2022-10-05T00:00:00Z,0.0582827507715257
2022-10-06T00:00:00Z,0.0544926511869002
2022-10-07T00:00:00Z,0.0567329333198710
2022-10-08T00:00:00Z,0.0518674548603177
2022-10-09T00:00:00Z,0.0537925583617819
2022-10-10T00:00:00Z,0.0554185435227311
2022-10-11T00:00:00Z,0.0530897567598628
2022-10-12T00:00:00Z,0.0544872512900787
2022-10-13T00:00:00Z,0.0582905301727025
2022-10-14T00:00:00Z,0.0530869512564086
2022-10-15T00:00:00Z,0.0533727919351197
2022-10-16T00:00:00Z,0.0535126400708053
2022-10-17T00:00:00Z,0.0601623080912895
2022-10-18T00:00:00Z,0.0569837309690688
2022-10-19T00:00:00Z,0.0597837849035239
2022-10-20T00:00:00Z,0.0594734532052923
2022-10-21T00:00:00Z,0.0577759583638516
2022-10-22T00:00:00Z,0.0536778094430411
2022-10-23T00:00:00Z,0.0535954857651104
2022-10-24T00:00:00Z,0.0544483168457123
2022-10-25T00:00:00Z,0.0568727525308009
2022-10-26T00:00:00Z,0.0562372122213142
2022-10-27T00:00:00Z,0.0541959250707701
2022-10-28T00:00:00Z,0.0546446987329354
2022-10-29T00:00:00Z,0.0535378994632673
2022-10-30T00:00:00Z,0.0523349348818341
2022-10-31T00:00:00Z,0.0554788493534036
2022-11-01T00:00:00Z,0.0551520085665947
2022-11-02T00:00:00Z,0.0563643596262940
2022-11-03T00:00:00Z,0.0722333797261352
2022-11-04T00:00:00Z,0.0555241168220585
2022-11-05T00:00:00Z,0.0503521479609109
2022-11-06T00:00:00Z,0.0521546802073729
2022-11-07T00:00:00Z,0.0582193950361543
2022-11-08T00:00:00Z,0.0731812772798362
2022-11-09T00:00:00Z,0.0800357194604938
2022-11-10T00:00:00Z,0.0670730043425343
2022-11-11T00:00:00Z,0.0637501675384282
2022-11-12T00:00:00Z,0.0525694239905077
2022-11-13T00:00:00Z,0.0585489794793106
2022-11-14T00:00:00Z,0.0557197508229930
2022-11-15T00:00:00Z,0.0532793349180020
2022-11-16T00:00:00Z,0.0533076033718997
2022-11-17T00:00:00Z,0.0576369964978685
2022-11-18T00:00:00Z,0.0496979856416140
2022-11-19T00:00:00Z,0.0504253130392454
2022-11-20T00:00:00Z,0.0515056290356593
2022-11-21T00:00:00Z,0.0529948035767345
2022-11-22T00:00:00Z,0.0533120803467709
2022-11-23T00:00:00Z,0.0504038507450435
2022-11-24T00:00:00Z,0.0496478218354607
2022-11-25T00:00:00Z,0.0485750440995582
2022-11-26T00:00:00Z,0.0480578644847463
2022-11-27T00:00:00Z,0.0493126904012316
2022-11-28T00:00:00Z,0.0503757156279221
2022-11-29T00:00:00Z,0.0505100340788551
2022-11-30T00:00:00Z,0.0500516972628128
2022-12-01T00:00:00Z,0.0501148701493869
2022-12-02T00:00:00Z,0.0492095706050933
2022-12-03T00:00:00Z,0.0471357856778098
2022-12-04T00:00:00Z,0.0482892382788889
2022-12-05T00:00:00Z,0.0497851121361536
2022-12-06T00:00:00Z,0.0484709439948752
2022-12-07T00:00:00Z,0.0540161886095054
2022-12-08T00:00:00Z,0.0495685942455061
2022-12-09T00:00:00Z,0.0487859749840355
2022-12-10T00:00:00Z,0.0481173027670617
2022-12-11T00:00:00Z,0.0483053813807864
2022-12-12T00:00:00Z,0.0498470607983855
2022-12-13T00:00:00Z,0.0506926439384922
2022-12-14T00:00:00Z,0.0506165050420106
2022-12-15T00:00:00Z,0.0506283361632747
2022-12-16T00:00:00Z,0.0524537848690690
2022-12-17T00:00:00Z,0.0484451046477094
2022-12-18T00:00:00Z,0.0473406111905698
2022-12-19T00:00:00Z,0.0502510068406557
2022-12-20T00:00:00Z,0.0489648058364681
2022-12-21T00:00:00Z,0.0487765680467582
2022-12-22T00:00:00Z,0.0487023862970531
2022-12-23T00:00:00Z,0.0477005819604611
2022-12-24T00:00:00Z,0.0459688916160853
2022-12-25T00:00:00Z,0.0473024911789668
2022-12-26T00:00:00Z,0.0478334712232123
2022-12-27T00:00:00Z,0.0489274101366632
2022-12-28T00:00:00Z,0.0485275129495947
2022-12-29T00:00:00Z,0.0480788681150510
2022-12-30T00:00:00Z,0.0481206228935895
2022-12-31T00:00:00Z,0.0469724832935127
2023-01-01T00:00:00Z,0.0481069970668555
2023-01-02T00:00:00Z,0.0497410016518296
2023-01-03T00:00:00Z,0.0504180923150814
2023-01-04T00:00:00Z,0.0653374850772999
2023-01-05T00:00:00Z,0.0492427009137792
2023-01-06T00:00:00Z,0.0491493475235486
2023-01-07T00:00:00Z,0.0478884569413690
2023-01-08T00:00:00Z,0.0495296625008584
2023-01-09T00:00:00Z,0.0496073202942199
2023-01-10T00:00:00Z,0.0491865961721220
2023-01-11T00:00:00Z,0.0510575161948775
2023-01-12T00:00:00Z,0.0510217087607243
2023-01-13T00:00:00Z,0.0546082768113005
2023-01-14T00:00:00Z,0.0492089980414159
2023-01-15T00:00:00Z,0.0504032209991474
2023-01-16T00:00:00Z,0.0526664037470376
2023-01-17T00:00:00Z,0.0511426850757077
2023-01-18T00:00:00Z,0.0531914033171867
2023-01-19T00:00:00Z,0.0490169214987848
2023-01-20T00:00:00Z,0.0518188153266541
2023-01-21T00:00:00Z,0.0486120547646967
2023-01-22T00:00:00Z,0.0485031101339955
2023-01-23T00:00:00Z,0.0501401882708693
2023-01-24T00:00:00Z,0.0572703486310691
2023-01-25T00:00:00Z,0.0523054445933971
2023-01-26T00:00:00Z,0.0542314785734552
2023-01-27T00:00:00Z,0.0498696206475204
2023-01-28T00:00:00Z,0.0479459246799475
2023-01-29T00:00:00Z,0.0488041364323108
2023-01-30T00:00:00Z,0.0510574465572278
2023-01-31T00:00:00Z,0.0506578075449013
2023-02-01T00:00:00Z,0.0530874176448233
2023-02-02T00:00:00Z,0.0520008397705297
2023-02-03T00:00:00Z,0.0505959113802965
2023-02-04T00:00:00Z,0.0490902958346694
2023-02-05T00:00:00Z,0.0488800718641714
2023-02-06T00:00:00Z,0.0530036902760394
2023-02-07T00:00:00Z,0.0539251016524166
2023-02-08T00:00:00Z,0.0529386129983837
2023-02-09T00:00:00Z,0.0517208737681782
2023-02-10T00:00:00Z,0.0488741527946712
2023-02-11T00:00:00Z,0.0476335024791518
2023-02-12T00:00:00Z,0.0499476236949458
2023-02-13T00:00:00Z,0.0494887777582088
2023-02-14T00:00:00Z,0.0562837095705737
2023-02-15T00:00:00Z,0.0538784784996989
2023-02-16T00:00:00Z,0.0522453973678146
2023-02-17T00:00:00Z,0.0513557941933827
2023-02-18T00:00:00Z,0.0489974791546345
2023-02-19T00:00:00Z,0.0506237391372970
2023-02-20T00:00:00Z,0.0556484734002176
2023-02-21T00:00:00Z,0.0517117605271640
2023-02-22T00:00:00Z,0.0496472134040802
2023-02-23T00:00:00Z,0.0485305458060093
2023-02-24T00:00:00Z,0.0478651608507387
2023-02-25T00:00:00Z,0.0463838263644721
2023-02-26T00:00:00Z,0.0468842470110866
2023-02-27T00:00:00Z,0.0494625952581868
2023-02-28T00:00:00Z,0.0496435132367223
2023-03-01T00:00:00Z,0.0518024201904424
2023-03-02T00:00:00Z,0.0511093120422147
2023-03-03T00:00:00Z,0.0486309027759288
2023-03-04T00:00:00Z,0.0469947514890598
2023-03-05T00:00:00Z,0.0479273749675674
2023-03-06T00:00:00Z,0.0498667582841058
2023-03-07T00:00:00Z,0.0490235821504927
2023-03-08T00:00:00Z,0.0485193752430806
2023-03-09T00:00:00Z,0.0501921084803227
2023-03-10T00:00:00Z,0.0789324015496519
2023-03-11T00:00:00Z,0.0523625378866111
2023-03-12T00:00:00Z,0.0620846510899965
2023-03-13T00:00:00Z,0.0511712490905745
2023-03-14T00:00:00Z,0.0517135303627729
2023-03-15T00:00:00Z,0.0528547342173969
2023-03-16T00:00:00Z,0.0486091283274547
2023-03-17T00:00:00Z,0.0477541323528538
2023-03-18T00:00:00Z,0.0455319601898656
2023-03-19T00:00:00Z,0.0492922087759054
2023-03-20T00:00:00Z,0.0485826163307676
2023-03-21T00:00:00Z,0.0471530702796004
2023-03-22T00:00:00Z,0.0473422936705330
2023-03-23T00:00:00Z,0.0469513885864594
2023-03-24T00:00:00Z,0.0454308401261212
2023-03-25T00:00:00Z,0.0444135662608875
2023-03-26T00:00:00Z,0.0476615627447525
2023-03-27T00:00:00Z,0.0522494756834579
2023-03-28T00:00:00Z,0.0485968150920299
2023-03-29T00:00:00Z,0.0490906903839271
2023-03-30T00:00:00Z,0.0465459942742692
2023-03-31T00:00:00Z,0.0470806705673126
2023-04-01T00:00:00Z,0.0443462754959400
2023-04-02T00:00:00Z,0.0452581612508921
2023-04-03T00:00:00Z,0.0484858651182870
2023-04-04T00:00:00Z,0.0465388056451366
2023-04-05T00:00:00Z,0.0443181954838657
2023-04-06T00:00:00Z,0.0442858950612043
2023-04-07T00:00:00Z,0.0438176479138293
2023-04-08T00:00:00Z,0.0453829729672287
2023-04-09T00:00:00Z,0.0435609772471232
2023-04-10T00:00:00Z,0.0459347719574243
2023-04-11T00:00:00Z,0.0491595847455902
2023-04-12T00:00:00Z,0.0418036509195031
2023-04-13T00:00:00Z,0.0469388211519440
2023-04-14T00:00:00Z,0.0463588160446002
2023-04-15T00:00:00Z,0.0421266682479489
2023-04-16T00:00:00Z,0.0493751094849787
2023-04-17T00:00:00Z,0.0544908865484066
2023-04-18T00:00:00Z,0.0643702731445379
2023-04-19T00:00:00Z,0.0638422596146613
2023-04-20T00:00:00Z,0.0582651893950735
2023-04-21T00:00:00Z,0.0504003254578306
2023-04-22T00:00:00Z,0.0533260257205817
2023-04-23T00:00:00Z,0.0525752572975849
2023-04-24T00:00:00Z,0.0538308664349841
2023-04-25T00:00:00Z,0.0508176556542238
2023-04-26T00:00:00Z,0.0527416180187243
2023-04-27T00:00:00Z,0.0531433353549046
2023-04-28T00:00:00Z,0.0512701273354790
2023-04-29T00:00:00Z,0.0508681830616228
2023-04-30T00:00:00Z,0.0610325008918072
2023-05-01T00:00:00Z,0.0673910544922210
2023-05-02T00:00:00Z,0.0662709276034161
2023-05-03T00:00:00Z,0.0629396284445486
2023-05-04T00:00:00Z,0.0666318015673157
2023-05-05T00:00:00Z,0.0861650358614385
2023-05-06T00:00:00Z,0.0768826161011188
2023-05-07T00:00:00Z,0.0829929333236550
2023-05-08T00:00:00Z,0.0672001521455401
2023-05-09T00:00:00Z,0.0683495885559674
2023-05-10T00:00:00Z,0.0800992993356946
2023-05-11T00:00:00Z,0.0738552729716158
2023-05-12T00:00:00Z,0.0562568139599815
2023-05-13T00:00:00Z,0.0526666111475997
2023-05-14T00:00:00Z,0.0550344624271363
2023-05-15T00:00:00Z,0.0663408677672481
2023-05-16T00:00:00Z,0.0548777940898655
2023-05-17T00:00:00Z,0.0567498797982880
2023-05-18T00:00:00Z,0.0612249050538353
2023-05-19T00:00:00Z,0.0507434551603427
2023-05-20T00:00:00Z,0.0496801694039822
2023-05-21T00:00:00Z,0.0533721650880684
2023-05-22T00:00:00Z,0.0583403835899405
2023-05-23T00:00:00Z,0.0560210277462928
2023-05-24T00:00:00Z,0.0570813373746832
2023-05-25T00:00:00Z,0.0550856574230630
2023-05-26T00:00:00Z,0.0546910367804452
2023-05-27T00:00:00Z,0.0489149856651033
2023-05-28T00:00:00Z,0.0556950697225246
2023-05-29T00:00:00Z,0.0526785582327444
2023-05-30T00:00:00Z,0.0535870097951918
2023-05-31T00:00:00Z,0.0535362474643551
2023-06-01T00:00:00Z,0.0506375168104082
2023-06-02T00:00:00Z,0.0486469233400300
2023-06-03T00:00:00Z,0.0464652276879889
2023-06-04T00:00:00Z,0.0466451646574175
2023-06-05T00:00:00Z,0.0504092733371836
2023-06-06T00:00:00Z,0.0472397229958753
2023-06-07T00:00:00Z,0.0474498058788984
2023-06-08T00:00:00Z,0.0479062422995450
2023-06-09T00:00:00Z,0.0493377848021875
2023-06-10T00:00:00Z,0.0436050503526504
2023-06-11T00:00:00Z,0.0440896016545789
2023-06-12T00:00:00Z,0.0443393948480177
2023-06-13T00:00:00Z,0.0450007576177532
2023-06-14T00:00:00Z,0.0459692144738058
2023-06-15T00:00:00Z,0.0461125753161624
2023-06-16T00:00:00Z,0.0479288927482466
2023-06-17T00:00:00Z,0.0463923493740100
2023-06-18T00:00:00Z,0.0440306543447939
2023-06-19T00:00:00Z,0.0457005380729743
2023-06-20T00:00:00Z,0.0464161660010832
2023-06-21T00:00:00Z,0.0469229371075322
2023-06-22T00:00:00Z,0.0464748560333164
2023-06-23T00:00:00Z,0.0455625099954610
2023-06-24T00:00:00Z,0.0428998313104817
2023-06-25T00:00:00Z,0.0423755141733153
2023-06-26T00:00:00Z,0.0441642189712811
2023-06-27T00:00:00Z,0.0507338232897496
2023-06-28T00:00:00Z,0.0479448465968338
2023-06-29T00:00:00Z,0.0502248351807857
2023-06-30T00:00:00Z,0.0484402821977936
2023-07-01T00:00:00Z,0.0443317952809718
2023-07-02T00:00:00Z,0.0455483378284928
2023-07-03T00:00:00Z,0.0453303780688187
2023-07-04T00:00:00Z,0.0447453229433602
2023-07-05T00:00:00Z,0.0466668679461464
2023-07-06T00:00:00Z,0.0491434742283186
2023-07-07T00:00:00Z,0.0481503335038412
2023-07-08T00:00:00Z,0.0455101657084612
2023-07-09T00:00:00Z,0.0459684162187887
2023-07-10T00:00:00Z,0.0475197491659045
2023-07-11T00:00:00Z,0.0450049646535988
2023-07-12T00:00:00Z,0.0465576881594740
2023-07-13T00:00:00Z,0.0474999173959112
2023-07-14T00:00:00Z,0.0441638952616757
2023-07-15T00:00:00Z,0.0445485919270036
2023-07-16T00:00:00Z,0.0470830419903566
2023-07-17T00:00:00Z,0.0454025536539767
2023-07-18T00:00:00Z,0.0469817045349202
2023-07-19T00:00:00Z,0.0483933815855429
2023-07-20T00:00:00Z,0.0478470453511975
2023-07-21T00:00:00Z,0.0474300169090302
2023-07-22T00:00:00Z,0.0451184273266372
2023-07-23T00:00:00Z,0.0469393499823163
2023-07-24T00:00:00Z,0.0488650635018883
2023-07-25T00:00:00Z,0.0482349681266247
2023-07-26T00:00:00Z,0.0477747714985406
2023-07-27T00:00:00Z,0.0481368727581498
2023-07-28T00:00:00Z,0.0469427790082908
2023-07-29T00:00:00Z,0.0426523501968430
2023-07-30T00:00:00Z,0.0449530887218470
2023-07-31T00:00:00Z,0.0432337257098725
2023-08-01T00:00:00Z,0.0439514872864110
2023-08-02T00:00:00Z,0.0446813765430019
2023-08-03T00:00:00Z,0.0428590566502062
2023-08-04T00:00:00Z,0.0423207906716313
2023-08-05T00:00:00Z,0.0423912486466518
2023-08-06T00:00:00Z,0.0425366199152379
2023-08-07T00:00:00Z,0.0432079084020876
2023-08-08T00:00:00Z,0.0433764093334449
2023-08-09T00:00:00Z,0.0425110402730514
2023-08-10T00:00:00Z,0.0424016217533358
2023-08-11T00:00:00Z,0.0410818232381469
2023-08-12T00:00:00Z,0.0409598590493347
2023-08-13T00:00:00Z,0.0409620208065603
2023-08-14T00:00:00Z,0.0420898169793541
2023-08-15T00:00:00Z,0.0445713150819255
2023-08-16T00:00:00Z,0.0431929941141858
2023-08-17T00:00:00Z,0.0448454260696663
2023-08-18T00:00:00Z,0.0414045635631001
2023-08-19T00:00:00Z,0.0398305298613028
2023-08-20T00:00:00Z,0.0408969018097944
2023-08-21T00:00:00Z,0.0419962218097262
2023-08-22T00:00:00Z,0.0418850276675750
2023-08-23T00:00:00Z,0.0412599450382792
2023-08-24T00:00:00Z,0.0425868827263372
2023-08-25T00:00:00Z,0.0408196979887990
2023-08-26T00:00:00Z,0.0384247382903008
2023-08-27T00:00:00Z,0.0403828149979062
2023-08-28T00:00:00Z,0.0447905424728891
2023-08-29T00:00:00Z,0.0420812479040268
2023-08-30T00:00:00Z,0.0401840557345770
2023-08-31T00:00:00Z,0.0396184543493076
2023-09-01T00:00:00Z,0.0387713618352227
2023-09-02T00:00:00Z,0.0375014760139936
2023-09-03T00:00:00Z,0.0385307758858158
2023-09-04T00:00:00Z,0.0389118434966852
2023-09-05T00:00:00Z,0.0411676464491462
2023-09-06T00:00:00Z,0.0391674234327065
2023-09-07T00:00:00Z,0.0400498746534972
2023-09-08T00:00:00Z,0.0417967589048463
2023-09-09T00:00:00Z,0.0379798327476734
2023-09-10T00:00:00Z,0.0377636768577665
2023-09-11T00:00:00Z,0.0404691994488839
2023-09-12T00:00:00Z,0.0393571047428465
2023-09-13T00:00:00Z,0.0392608373220422
2023-09-14T00:00:00Z,0.0390998651894764
2023-09-15T00:00:00Z,0.0385135021105346
2023-09-16T00:00:00Z,0.0360296351090873
2023-09-17T00:00:00Z,0.0368860015664493
2023-09-18T00:00:00Z,0.0387066458744611
2023-09-19T00:00:00Z,0.0387078142785529
2023-09-20T00:00:00Z,0.0383925472095079
2023-09-21T00:00:00Z,0.0382062638853972
2023-09-22T00:00:00Z,0.0363759865315904
2023-09-23T00:00:00Z,0.0354822554745498
2023-09-24T00:00:00Z,0.0362963403779828
2023-09-25T00:00:00Z,0.0385159368738463
2023-09-26T00:00:00Z,0.0379806268286772
2023-09-27T00:00:00Z,0.0372371148244618
2023-09-28T00:00:00Z,0.0366710146459062
2023-09-29T00:00:00Z,0.0365145261497458
2023-09-30T00:00:00Z,0.0357215142625956
2023-10-01T00:00:00Z,0.0380541802149533
2023-10-02T00:00:00Z,0.0389442311990363
2023-10-03T00:00:00Z,0.0371182713261093
2023-10-04T00:00:00Z,0.0356721034933677
2023-10-05T00:00:00Z,0.0356631527466487
2023-10-06T00:00:00Z,0.0355615027166463
2023-10-07T00:00:00Z,0.0344078571518406
2023-10-08T00:00:00Z,0.0347374167048112
2023-10-09T00:00:00Z,0.0351648782767373
2023-10-10T00:00:00Z,0.0351992959046208
2023-10-11T00:00:00Z,0.0349855615229661
2023-10-12T00:00:00Z,0.0356669550737330
2023-10-13T00:00:00Z,0.0357090249727110
2023-10-14T00:00:00Z,0.0338815562548579
2023-10-15T00:00:00Z,0.0350217992086086
2023-10-16T00:00:00Z,0.0365983908613369
2023-10-17T00:00:00Z,0.0355470959530348
2023-10-18T00:00:00Z,0.0351695614862297
2023-10-19T00:00:00Z,0.0373831744679205
2023-10-20T00:00:00Z,0.0363782110313770
2023-10-21T00:00:00Z,0.0351975698169981
2023-10-22T00:00:00Z,0.0360410165480343
2023-10-23T00:00:00Z,0.0394518226952464
2023-10-24T00:00:00Z,0.0366000287248336
2023-10-25T00:00:00Z,0.0386851044900268
2023-10-26T00:00:00Z,0.0379020733464188
2023-10-27T00:00:00Z,0.0374238017581583
2023-10-28T00:00:00Z,0.0360855749750820
2023-10-29T00:00:00Z,0.0363825716439359
2023-10-30T00:00:00Z,0.0383153521594000
2023-10-31T00:00:00Z,0.0369116329705377
2023-11-01T00:00:00Z,0.0381032140927079
2023-11-02T00:00:00Z,0.0372720434576979
2023-11-03T00:00:00Z,0.0370689002173867
2023-11-04T00:00:00Z,0.0359946441028611
2023-11-05T00:00:00Z,0.0373801792894050
2023-11-06T00:00:00Z,0.0376408484644997
2023-11-07T00:00:00Z,0.0366477026367891
2023-11-08T00:00:00Z,0.0377873766484537
2023-11-09T00:00:00Z,0.0399398490497453
2023-11-10T00:00:00Z,0.0385794207883296
2023-11-11T00:00:00Z,0.0370200531783077
2023-11-12T00:00:00Z,0.0392546429024546
2023-11-13T00:00:00Z,0.0428536575418972
2023-11-14T00:00:00Z,0.0391593010940332
2023-11-15T00:00:00Z,0.0385365578336703
2023-11-16T00:00:00Z,0.0371830661728668
2023-11-17T00:00:00Z,0.0377116343675289
2023-11-18T00:00:00Z,0.0360343316663849
2023-11-19T00:00:00Z,0.0368140191039402
2023-11-20T00:00:00Z,0.0368768567143588
2023-11-21T00:00:00Z,0.0380331179533807
2023-11-22T00:00:00Z,0.0396746169336369
2023-11-23T00:00:00Z,0.0367899871470448
2023-11-24T00:00:00Z,0.0366707332696978
2023-11-25T00:00:00Z,0.0355843682371238
2023-11-26T00:00:00Z,0.0371599666588004
2023-11-27T00:00:00Z,0.0387714025377882
2023-11-28T00:00:00Z,0.0405106846041800
2023-11-29T00:00:00Z,0.0391387047654881
2023-11-30T00:00:00Z,0.0390936743942411
2023-12-01T00:00:00Z,0.0390061903359289
2023-12-02T00:00:00Z,0.0366325791014538
2023-12-03T00:00:00Z,0.0384180647087275
2023-12-04T00:00:00Z,0.0387665802896252
2023-12-05T00:00:00Z,0.0392583610811036
2023-12-06T00:00:00Z,0.0388176830206596
2023-12-07T00:00:00Z,0.0386221267064842
2023-12-08T00:00:00Z,0.0377050207487944
2023-12-09T00:00:00Z,0.0359349129823540
2023-12-10T00:00:00Z,0.0367672233607036
2023-12-11T00:00:00Z,0.0376116584335728
2023-12-12T00:00:00Z,0.0392407500562710
2023-12-13T00:00:00Z,0.0377364656674372
2023-12-14T00:00:00Z,0.0420059238868555
2023-12-15T00:00:00Z,0.0386539110850957
2023-12-16T00:00:00Z,0.0364932767177920
2023-12-17T00:00:00Z,0.0376889918160294
2023-12-18T00:00:00Z,0.0384677851070034
2023-12-19T00:00:00Z,0.0365023882077482
2023-12-20T00:00:00Z,0.0370208251526307
2023-12-21T00:00:00Z,0.0368344736598129
2023-12-22T00:00:00Z,0.0366703178312038
2023-12-23T00:00:00Z,0.0357160706773971
2023-12-24T00:00:00Z,0.0368333027486530
2023-12-25T00:00:00Z,0.0351182209536418
2023-12-26T00:00:00Z,0.0358994841549024
2023-12-27T00:00:00Z,0.0370996016656250
2023-12-28T00:00:00Z,0.0376928339871988
2023-12-29T00:00:00Z,0.0348135344941010
2023-12-30T00:00:00Z,0.0342189764358124
2023-12-31T00:00:00Z,0.0336202276395122
2024-01-01T00:00:00Z,0.0346846879021153
2024-01-02T00:00:00Z,0.0353019184021420
2024-01-03T00:00:00Z,0.0385169700229334
2024-01-04T00:00:00Z,0.0349582590593165
2024-01-05T00:00:00Z,0.0342952237675434
2024-01-06T00:00:00Z,0.0329144402629456
2024-01-07T00:00:00Z,0.0339787982463291
2024-01-08T00:00:00Z,0.0354607112973006
2024-01-09T00:00:00Z,0.0365632720245009
2024-01-10T00:00:00Z,0.0395250850582915
2024-01-11T00:00:00Z,0.0350073917540861
2024-01-12T00:00:00Z,0.0363542063124115
2024-01-13T00:00:00Z,0.0360393557158620
2024-01-14T00:00:00Z,0.0354299651277490
2024-01-15T00:00:00Z,0.0368688713131472
2024-01-16T00:00:00Z,0.0384853059099756
2024-01-17T00:00:00Z,0.0368424843983823
2024-01-18T00:00:00Z,0.0373765902781261
2024-01-19T00:00:00Z,0.0360054613815961
2024-01-20T00:00:00Z,0.0347208653851959
2024-01-21T00:00:00Z,0.0334615521328253
2024-01-22T00:00:00Z,0.0352263797767122
2024-01-23T00:00:00Z,0.0343002908633446
2024-01-24T00:00:00Z,0.0353210917873149
2024-01-25T00:00:00Z,0.0365638694151454
2024-01-26T00:00:00Z,0.0339427031121324
2024-01-27T00:00:00Z,0.0333146115334894
2024-01-28T00:00:00Z,0.0339773000590351
2024-01-29T00:00:00Z,0.0358300205909585
2024-01-30T00:00:00Z,0.0389071691832084
2024-01-31T00:00:00Z,0.0364497526658353
2024-02-01T00:00:00Z,0.0367525838180644
2024-02-02T00:00:00Z,0.0366534635887321
2024-02-03T00:00:00Z,0.0337473910420874
2024-02-04T00:00:00Z,0.0329723295665020
2024-02-05T00:00:00Z,0.0358620337746025
2024-02-06T00:00:00Z,0.0354055046658939
2024-02-07T00:00:00Z,0.0380488602988196
2024-02-08T00:00:00Z,0.0410133772316137
2024-02-09T00:00:00Z,0.0388291100066870
2024-02-10T00:00:00Z,0.0358062412533548
2024-02-11T00:00:00Z,0.0353783463133686
2024-02-12T00:00:00Z,0.0395945007398792
2024-02-13T00:00:00Z,0.0354130767879062
2024-02-14T00:00:00Z,0.0348665688393439
2024-02-15T00:00:00Z,0.0374476660373491
2024-02-16T00:00:00Z,0.0336290217604467
2024-02-17T00:00:00Z,0.0342488973269864
2024-02-18T00:00:00Z,0.0345605080623568
2024-02-19T00:00:00Z,0.0351040805076772
2024-02-20T00:00:00Z,0.0354864663898670
2024-02-21T00:00:00Z,0.0350651738515423
2024-02-22T00:00:00Z,0.0353265976534808
2024-02-23T00:00:00Z,0.0348588185174189
2024-02-24T00:00:00Z,0.0333321748536810
2024-02-25T00:00:00Z,0.0339497902756462
2024-02-26T00:00:00Z,0.0357496470728455
2024-02-27T00:00:00Z,0.0357382967909511
2024-02-28T00:00:00Z,0.0374449505771451
2024-02-29T00:00:00Z,0.0349066347671075
2024-03-01T00:00:00Z,0.0359534296374751
2024-03-02T00:00:00Z,0.0346394432057659
2024-03-03T00:00:00Z,0.0363222238964255
2024-03-04T00:00:00Z,0.0391045941444503
2024-03-05T00:00:00Z,0.0397845945690283
2024-03-06T00:00:00Z,0.0386903305402528
2024-03-07T00:00:00Z,0.0368438077863852
2024-03-08T00:00:00Z,0.0352405811771023
2024-03-09T00:00:00Z,0.0358344686579043
2024-03-10T00:00:00Z,0.0372647406260695
2024-03-11T00:00:00Z,0.0371578680555186
2024-03-12T00:00:00Z,0.0367892716434111
2024-03-13T00:00:00Z,0.0348144271576721
2024-03-14T00:00:00Z,0.0361672011392607
2024-03-15T00:00:00Z,0.0339815735415552
2024-03-16T00:00:00Z,0.0342792477517996
2024-03-17T00:00:00Z,0.0334332300928165
2024-03-18T00:00:00Z,0.0354271312839873
2024-03-19T00:00:00Z,0.0347077743738216
2024-03-20T00:00:00Z,0.0346787959014125
2024-03-21T00:00:00Z,0.0335391755972886
2024-03-22T00:00:00Z,0.0334284340380544
2024-03-23T00:00:00Z,0.0320134239105405
2024-03-24T00:00:00Z,0.0325183923611865
2024-03-25T00:00:00Z,0.0341900897948546
2024-03-26T00:00:00Z,0.0341169571491990
2024-03-27T00:00:00Z,0.0334792723441722
2024-03-28T00:00:00Z,0.0348199994928493
2024-03-29T00:00:00Z,0.0330300080083256
2024-03-30T00:00:00Z,0.0331696068369794
2024-03-31T00:00:00Z,0.0333028308033362
2024-04-01T00:00:00Z,0.0355667663379916
2024-04-02T00:00:00Z,0.0352666902693185
2024-04-03T00:00:00Z,0.0360486921552320
2024-04-04T00:00:00Z,0.0347800249078234
2024-04-05T00:00:00Z,0.0339772736238608
2024-04-06T00:00:00Z,0.0331883231902211
2024-04-07T00:00:00Z,0.0335816058333063
2024-04-08T00:00:00Z,0.0342177101332255
2024-04-09T00:00:00Z,0.0331569328503914
2024-04-10T00:00:00Z,0.0336924793078257
2024-04-11T00:00:00Z,0.0333436089177500
2024-04-12T00:00:00Z,0.0349053352981325
2024-04-13T00:00:00Z,0.0367044233604891
2024-04-14T00:00:00Z,0.0324530612862376
2024-04-15T00:00:00Z,0.0341812357198723
2024-04-16T00:00:00Z,0.0329555712980436
2024-04-17T00:00:00Z,0.0327110941490419
2024-04-18T00:00:00Z,0.0333189299432360
2024-04-19T00:00:00Z,0.0317737926947224
2024-04-20T00:00:00Z,0.0314582574389270
2024-04-21T00:00:00Z,0.0328696547914706
2024-04-22T00:00:00Z,0.0333694338129773
2024-04-23T00:00:00Z,0.0369001244966173
2024-04-24T00:00:00Z,0.0343276214479573
2024-04-25T00:00:00Z,0.0329907140836634
2024-04-26T00:00:00Z,0.0316434974124965
2024-04-27T00:00:00Z,0.0316681732375596
2024-04-28T00:00:00Z,0.0319474744133107
2024-04-29T00:00:00Z,0.0322205156097887
2024-04-30T00:00:00Z,0.0323359394514503
2024-05-01T00:00:00Z,0.0321241818335197
2024-05-02T00:00:00Z,0.0318990945840350
2024-05-03T00:00:00Z,0.0318223264863988
2024-05-04T00:00:00Z,0.0310682139378290
2024-05-05T00:00:00Z,0.0313469421279336
2024-05-06T00:00:00Z,0.0313964089057282
2024-05-07T00:00:00Z,0.0313703805490178
2024-05-08T00:00:00Z,0.0311224259311834
2024-05-09T00:00:00Z,0.0309563845865958
2024-05-10T00:00:00Z,0.0310487108204638
2024-05-11T00:00:00Z,0.0303122965159476
2024-05-12T00:00:00Z,0.0310605068252649
2024-05-13T00:00:00Z,0.0328680445738021
2024-05-14T00:00:00Z,0.0320991706391335
2024-05-15T00:00:00Z,0.0325282753583167
2024-05-16T00:00:00Z,0.0318357111644009
2024-05-17T00:00:00Z,0.0309916264888965
2024-05-18T00:00:00Z,0.0310821565074466
2024-05-19T00:00:00Z,0.0315237462747742
2024-05-20T00:00:00Z,0.0349317128596366
2024-05-21T00:00:00Z,0.0335728826193687
2024-05-22T00:00:00Z,0.0345805915669767
2024-05-23T00:00:00Z,0.0349273802323095
2024-05-24T00:00:00Z,0.0325983587041163
2024-05-25T00:00:00Z,0.0320807761798335
2024-05-26T00:00:00Z,0.0334350780324695
2024-05-27T00:00:00Z,0.0345882469241297
2024-05-28T00:00:00Z,0.0340745255212563
2024-05-29T00:00:00Z,0.0344604380296158
2024-05-30T00:00:00Z,0.0344168715931246
2024-05-31T00:00:00Z,0.0340157812194590
2024-06-01T00:00:00Z,0.0339159294107992
2024-06-02T00:00:00Z,0.0351300701624653
2024-06-03T00:00:00Z,0.0337739446965649
2024-06-04T00:00:00Z,0.0341673316251848
2024-06-05T00:00:00Z,0.0364295861275030
2024-06-06T00:00:00Z,0.0353008519156366
2024-06-07T00:00:00Z,0.0342858267313601
2024-06-08T00:00:00Z,0.0331189940814618
2024-06-09T00:00:00Z,0.0338376094321894
2024-06-10T00:00:00Z,0.0350259751682317
2024-06-11T00:00:00Z,0.0340354218008647
2024-06-12T00:00:00Z,0.0349722043629381
2024-06-13T00:00:00Z,0.0325674960040902
2024-06-14T00:00:00Z,0.0323158566958015
2024-06-15T00:00:00Z,0.0320392869896321
2024-06-16T00:00:00Z,0.0317918795503699
2024-06-17T00:00:00Z,0.0335734616786788
2024-06-18T00:00:00Z,0.0325429553461215
2024-06-19T00:00:00Z,0.0333000903724139
2024-06-20T00:00:00Z,0.0322307751965796
2024-06-21T00:00:00Z,0.0313095148544204
2024-06-22T00:00:00Z,0.0310819776384684
2024-06-23T00:00:00Z,0.0316479480691629
2024-06-24T00:00:00Z,0.0325689266303068
2024-06-25T00:00:00Z,0.0322763374040084
2024-06-26T00:00:00Z,0.0323765487806486
2024-06-27T00:00:00Z,0.0335289108575237
2024-06-28T00:00:00Z,0.0309662085132225
2024-06-29T00:00:00Z,0.0307128002169013
2024-06-30T00:00:00Z,0.0319467033890370
2024-07-01T00:00:00Z,0.0318593520830752
2024-07-02T00:00:00Z,0.0327205497066734
2024-07-03T00:00:00Z,0.0325686014949867
2024-07-04T00:00:00Z,0.0333126075849201
2024-07-05T00:00:00Z,0.0308904000583742
2024-07-06T00:00:00Z,0.0304230283712025
2024-07-07T00:00:00Z,0.0312737358107288
2024-07-08T00:00:00Z,0.0314833123203668
2024-07-09T00:00:00Z,0.0326949580719571
2024-07-10T00:00:00Z,0.0321352095690834
2024-07-11T00:00:00Z,0.0318821705381624
2024-07-12T00:00:00Z,0.0313014787636626
2024-07-13T00:00:00Z,0.0320508806146153
2024-07-14T00:00:00Z,0.0318296990226089
2024-07-15T00:00:00Z,0.0333070272385480
2024-07-16T00:00:00Z,0.0341958118712216
2024-07-17T00:00:00Z,0.0339082516905647
2024-07-18T00:00:00Z,0.0345416656591166
2024-07-19T00:00:00Z,0.0315957995785613
2024-07-20T00:00:00Z,0.0307528953673753
2024-07-21T00:00:00Z,0.0332832346239585
2024-07-22T00:00:00Z,0.0326119764096661
2024-07-23T00:00:00Z,0.0317483248453661
2024-07-24T00:00:00Z,0.0319932987215888
2024-07-25T00:00:00Z,0.0318369080586411
2024-07-26T00:00:00Z,0.0308205506672525
2024-07-27T00:00:00Z,0.0330025125690029
2024-07-28T00:00:00Z,0.0309199215328555
2024-07-29T00:00:00Z,0.0317116544598981
2024-07-30T00:00:00Z,0.0327382292539883
2024-07-31T00:00:00Z,0.0332709946048835
2024-08-01T00:00:00Z,0.0326814538668145
2024-08-02T00:00:00Z,0.0315485320351436
2024-08-03T00:00:00Z,0.0305821864969007
2024-08-04T00:00:00Z,0.0418395141393137
2024-08-05T00:00:00Z,0.0332374360148179
2024-08-06T00:00:00Z,0.0317707023930823
2024-08-07T00:00:00Z,0.0330832805068430
2024-08-08T00:00:00Z,0.0327536181250726
2024-08-09T00:00:00Z,0.0317684241774792
2024-08-10T00:00:00Z,0.0302429955714863
2024-08-11T00:00:00Z,0.0328473867430553
2024-08-12T00:00:00Z,0.0325047849550136
2024-08-13T00:00:00Z,0.0319292670262341
2024-08-14T00:00:00Z,0.0323150262515170
2024-08-15T00:00:00Z,0.0316906178039793
2024-08-16T00:00:00Z,0.0299019703938468
2024-08-17T00:00:00Z,0.0304535432168536
2024-08-18T00:00:00Z,0.0300494208874319
2024-08-19T00:00:00Z,0.0319919994734908
2024-08-20T00:00:00Z,0.0299366185658828
2024-08-21T00:00:00Z,0.0315984463303361
2024-08-22T00:00:00Z,0.0300788470993852
2024-08-23T00:00:00Z,0.0303906077418792
2024-08-24T00:00:00Z,0.0300837427571655
2024-08-25T00:00:00Z,0.0297037970259608
2024-08-26T00:00:00Z,0.0302991856158659
2024-08-27T00:00:00Z,0.0307804038022997
2024-08-28T00:00:00Z,0.0304026331306127
2024-08-29T00:00:00Z,0.0302722771067870
2024-08-30T00:00:00Z,0.0295579147768445
2024-08-31T00:00:00Z,0.0292029842933081
2024-09-01T00:00:00Z,0.0297955310211651
2024-09-02T00:00:00Z,0.0312259413175478
2024-09-03T00:00:00Z,0.0315335774443457
2024-09-04T00:00:00Z,0.0340115810474465
2024-09-05T00:00:00Z,0.0318951897422255
2024-09-06T00:00:00Z,0.0327302163180938
2024-09-07T00:00:00Z,0.0303383912212688
2024-09-08T00:00:00Z,0.0307781785600728
2024-09-09T00:00:00Z,0.0329243974617599
2024-09-10T00:00:00Z,0.0321983632578286
2024-09-11T00:00:00Z,0.0318971388335927
2024-09-12T00:00:00Z,0.0316503963773803
2024-09-13T00:00:00Z,0.0311684339996672
2024-09-14T00:00:00Z,0.0305133170914186
2024-09-15T00:00:00Z,0.0335684400989373
2024-09-16T00:00:00Z,0.0324162039043004
2024-09-17T00:00:00Z,0.0340830506305347
2024-09-18T00:00:00Z,0.0354191423425622
2024-09-19T00:00:00Z,0.0339335015352414
2024-09-20T00:00:00Z,0.0354833501559486
2024-09-21T00:00:00Z,0.0339638911747708
2024-09-22T00:00:00Z,0.0350369026938932
2024-09-23T00:00:00Z,0.0353546919925450
2024-09-24T00:00:00Z,0.0353315731210901
2024-09-25T00:00:00Z,0.0351628873729293
2024-09-26T00:00:00Z,0.0353516712753224
2024-09-27T00:00:00Z,0.0324593872318817
2024-09-28T00:00:00Z,0.0316217243667621
2024-09-29T00:00:00Z,0.0319446664178451
2024-09-30T00:00:00Z,0.0333070787461441
2024-10-01T00:00:00Z,0.0326795476107494
2024-10-02T00:00:00Z,0.0330928115334127
2024-10-03T00:00:00Z,0.0323485659563179
2024-10-04T00:00:00Z,0.0320691424312114
2024-10-05T00:00:00Z,0.0331471817326663
2024-10-06T00:00:00Z,0.0334897491158815
2024-10-07T00:00:00Z,0.0388193039944667
2024-10-08T00:00:00Z,0.0355004540989518
2024-10-09T00:00:00Z,0.0351558451855229
2024-10-10T00:00:00Z,0.0348084391993375
2024-10-11T00:00:00Z,0.0334013508119606
2024-10-12T00:00:00Z,0.0337197397668840
2024-10-13T00:00:00Z,0.0340677532470873
2024-10-14T00:00:00Z,0.0337354447654462
2024-10-15T00:00:00Z,0.0329514042269457
2024-10-16T00:00:00Z,0.0330674834357382
2024-10-17T00:00:00Z,0.0328206872512354
2024-10-18T00:00:00Z,0.0318937143594962
2024-10-19T00:00:00Z,0.0310728940950574
2024-10-20T00:00:00Z,0.0313601626863526
2024-10-21T00:00:00Z,0.0318161335706395
2024-10-22T00:00:00Z,0.0320050596621899
2024-10-23T00:00:00Z,0.0320247897196945
2024-10-24T00:00:00Z,0.0319620473511827
2024-10-25T00:00:00Z,0.0316367359381594
2024-10-26T00:00:00Z,0.0307783865115122
2024-10-27T00:00:00Z,0.0308493423157495
2024-10-28T00:00:00Z,0.0319868989401012
2024-10-29T00:00:00Z,0.0332020626749151
2024-10-30T00:00:00Z,0.0319437791960385
2024-10-31T00:00:00Z,0.0325774365959502
2024-11-01T00:00:00Z,0.0309923420550359
2024-11-02T00:00:00Z,0.0316959242609280
2024-11-03T00:00:00Z,0.0312790179780709
2024-11-04T00:00:00Z,0.0316976619747386
2024-11-05T00:00:00Z,0.0335842614009394
2024-11-06T00:00:00Z,0.0330674754770115
2024-11-07T00:00:00Z,0.0333079587687131
2024-11-08T00:00:00Z,0.0324591267936271
2024-11-09T00:00:00Z,0.0322417096972310
2024-11-10T00:00:00Z,0.0333148179041109
2024-11-11T00:00:00Z,0.0356624316707557
2024-11-12T00:00:00Z,0.0346002883824513
2024-11-13T00:00:00Z,0.0372172885155995
2024-11-14T00:00:00Z,0.0334318350632680
2024-11-15T00:00:00Z,0.0332586356650375
2024-11-16T00:00:00Z,0.0322311324727169
2024-11-17T00:00:00Z,0.0321266800191734
2024-11-18T00:00:00Z,0.0333184438841868
2024-11-19T00:00:00Z,0.0329007798489585
2024-11-20T00:00:00Z,0.0322246798872491
2024-11-21T00:00:00Z,0.0325796542811646
2024-11-22T00:00:00Z,0.0318202415976830
2024-11-23T00:00:00Z,0.0319252101872612
2024-11-24T00:00:00Z,0.0313407260294293
2024-11-25T00:00:00Z,0.0322741016301905
2024-11-26T00:00:00Z,0.0321806527042318
2024-11-27T00:00:00Z,0.0318010112737702
2024-11-28T00:00:00Z,0.0306958497370940
2024-11-29T00:00:00Z,0.0308877541777391
2024-11-30T00:00:00Z,0.0306301175274801
2024-12-01T00:00:00Z,0.0316319535867929
2024-12-02T00:00:00Z,0.0333511885639860
2024-12-03T00:00:00Z,0.0338786051985942
2024-12-04T00:00:00Z,0.0327536903176663
2024-12-05T00:00:00Z,0.0326425754579932
2024-12-06T00:00:00Z,0.0315390760656215
2024-12-07T00:00:00Z,0.0305384034189750
2024-12-08T00:00:00Z,0.0313474074339754
2024-12-09T00:00:00Z,0.0346376210449139
2024-12-10T00:00:00Z,0.0321825199709979
2024-12-11T00:00:00Z,0.0318618105855478
2024-12-12T00:00:00Z,0.0324259001066460
2024-12-13T00:00:00Z,0.0310658198812309
2024-12-14T00:00:00Z,0.0305086805854066
2024-12-15T00:00:00Z,0.0312108887842801
2024-12-16T00:00:00Z,0.0316778405857196
2024-12-17T00:00:00Z,0.0315254001921073
2024-12-18T00:00:00Z,0.0320319749069685
2024-12-19T00:00:00Z,0.0332359908771136
2024-12-20T00:00:00Z,0.0311824139254192
2024-12-21T00:00:00Z,0.0306762583540366
2024-12-22T00:00:00Z,0.0306116652150155
2024-12-23T00:00:00Z,0.0308683804027309
2024-12-24T00:00:00Z,0.0300130369105425
2024-12-25T00:00:00Z,0.0300393914455700
2024-12-26T00:00:00Z,0.0306056364768983
2024-12-27T00:00:00Z,0.0303006373166340
2024-12-28T00:00:00Z,0.0300360753020995
2024-12-29T00:00:00Z,0.0302682467900002
2024-12-30T00:00:00Z,0.0320573524474449
2024-12-31T00:00:00Z,0.0312344519004770
2025-01-01T00:00:00Z,0.0332781882912966
2025-01-02T00:00:00Z,0.0310291185405902
2025-01-03T00:00:00Z,0.0311784750701857
2025-01-04T00:00:00Z,0.0312163080727235
2025-01-05T00:00:00Z,0.0314837001539698
2025-01-06T00:00:00Z,0.0318592616291673
2025-01-07T00:00:00Z,0.0314847236055313
2025-01-08T00:00:00Z,0.0315862546306315
2025-01-09T00:00:00Z,0.0313004332751700
2025-01-10T00:00:00Z,0.0305055584979333
2025-01-11T00:00:00Z,0.0297286842885508
2025-01-12T00:00:00Z,0.0304828748136320
2025-01-13T00:00:00Z,0.0314140176210059
2025-01-14T00:00:00Z,0.0311301610994469
2025-01-15T00:00:00Z,0.0313963150791473
2025-01-16T00:00:00Z,0.0310739799995616
2025-01-17T00:00:00Z,0.0322778349130333
2025-01-18T00:00:00Z,0.0327462806692912
2025-01-19T00:00:00Z,0.0357970623423270
2025-01-20T00:00:00Z,0.0339948249863953
2025-01-21T00:00:00Z,0.0315831981355036
2025-01-22T00:00:00Z,0.0313328007399833
2025-01-23T00:00:00Z,0.0328962851380883
2025-01-24T00:00:00Z,0.0306474888831633
2025-01-25T00:00:00Z,0.0300198029105220
2025-01-26T00:00:00Z,0.0317342096209000
2025-01-27T00:00:00Z,0.0308224524055642
2025-01-28T00:00:00Z,0.0305509101586908
2025-01-29T00:00:00Z,0.0306535409490963
2025-01-30T00:00:00Z,0.0305189887313935
2025-01-31T00:00:00Z,0.0305216327607736
2025-02-01T00:00:00Z,0.0300571368886074
2025-02-02T00:00:00Z,0.0383057683242308
2025-02-03T00:00:00Z,0.0324843496547831
2025-02-04T00:00:00Z,0.0312756038500987
2025-02-05T00:00:00Z,0.0304271704557265
2025-02-06T00:00:00Z,0.0307844807047475
2025-02-07T00:00:00Z,0.0304432945124913
2025-02-08T00:00:00Z,0.0296498530770572
2025-02-09T00:00:00Z,0.0305246976505440
2025-02-10T00:00:00Z,0.0310523732815862
2025-02-11T00:00:00Z,0.0301724943208541
2025-02-12T00:00:00Z,0.0310813792936772
2025-02-13T00:00:00Z,0.0301142023284161
2025-02-14T00:00:00Z,0.0296305797541458
2025-02-15T00:00:00Z,0.0290960208730978
2025-02-16T00:00:00Z,0.0299164452385945
2025-02-17T00:00:00Z,0.0321106618027804
2025-02-18T00:00:00Z,0.0301674322769365
2025-02-19T00:00:00Z,0.0299382719375393
2025-02-20T00:00:00Z,0.0298347339598045
2025-02-21T00:00:00Z,0.0312327873846986
2025-02-22T00:00:00Z,0.0297971383343758
2025-02-23T00:00:00Z,0.0299262458099648
2025-02-24T00:00:00Z,0.0324726621816870
2025-02-25T00:00:00Z,0.0305900889213320
2025-02-26T00:00:00Z,0.0308078694679599
2025-02-27T00:00:00Z,0.0320499556864829
2025-02-28T00:00:00Z,0.0303476661385887
2025-03-01T00:00:00Z,0.0294526142058627
2025-03-02T00:00:00Z,0.0327757644568342
2025-03-03T00:00:00Z,0.0327185854551854
2025-03-04T00:00:00Z,0.0314165278155472
2025-03-05T00:00:00Z,0.0302210145935647
2025-03-06T00:00:00Z,0.0309132775951251
2025-03-07T00:00:00Z,0.0306002547483012
2025-03-08T00:00:00Z,0.0297868430578001
2025-03-09T00:00:00Z,0.0307314819855272
2025-03-10T00:00:00Z,0.0328904300666870
2025-03-11T00:00:00Z,0.0333376020981914
2025-03-12T00:00:00Z,0.0303340253287884
2025-03-13T00:00:00Z,0.0301010896055481
2025-03-14T00:00:00Z,0.0296304511597164
2025-03-15T00:00:00Z,0.0295359862423636
2025-03-16T00:00:00Z,0.0296008919052344
2025-03-17T00:00:00Z,0.0297517008284284
2025-03-18T00:00:00Z,0.0299733415092032
2025-03-19T00:00:00Z,0.0308745332116414
2025-03-20T00:00:00Z,0.0298255839553174
2025-03-21T00:00:00Z,0.0296236916496119
2025-03-22T00:00:00Z,0.0293145624567077
2025-03-23T00:00:00Z,0.0295183449399184
2025-03-24T00:00:00Z,0.0297559398766807
2025-03-25T00:00:00Z,0.0297170974900274
2025-03-26T00:00:00Z,0.0300321582442903
2025-03-27T00:00:00Z,0.0300876891930777
2025-03-28T00:00:00Z,0.0297480244459006
2025-03-29T00:00:00Z,0.0294037970842913
2025-03-30T00:00:00Z,0.0301042311953896
2025-03-31T00:00:00Z,0.0310364869648284
2025-04-01T00:00:00Z,0.0304558823545073
2025-04-02T00:00:00Z,0.0309152323524920
2025-04-03T00:00:00Z,0.0301454888059346
2025-04-04T00:00:00Z,0.0299295280037753
2025-04-05T00:00:00Z,0.0292321795411038
2025-04-06T00:00:00Z,0.0354264840869812
2025-04-07T00:00:00Z,0.0319921081365197
2025-04-08T00:00:00Z,0.0317226946716023
2025-04-09T00:00:00Z,0.0329368375028853
2025-04-10T00:00:00Z,0.0322053183669881
2025-04-11T00:00:00Z,0.0307382263931138
2025-04-12T00:00:00Z,0.0304808236393810
2025-04-13T00:00:00Z,0.0317065799843049
2025-04-14T00:00:00Z,0.0302779965367519
2025-04-15T00:00:00Z,0.0302015487560907
2025-04-16T00:00:00Z,0.0299579117895847
2025-04-17T00:00:00Z,0.0300013911977296
2025-04-18T00:00:00Z,0.0291556539741418
2025-04-19T00:00:00Z,0.0294537295754389
2025-04-20T00:00:00Z,0.0297376033860158
2025-04-21T00:00:00Z,0.0298275106070389
2025-04-22T00:00:00Z,0.0313240011671093
2025-04-23T00:00:00Z,0.0310071918374469
2025-04-24T00:00:00Z,0.0311427121104762
2025-04-25T00:00:00Z,0.0299077981239988
2025-04-26T00:00:00Z,0.0295933822864770
2025-04-27T00:00:00Z,0.0296980174398262
2025-04-28T00:00:00Z,0.0301259814633479
2025-04-29T00:00:00Z,0.0295441757489840
2025-04-30T00:00:00Z,0.0297514332107275
2025-05-01T00:00:00Z,0.0295919289149506
2025-05-02T00:00:00Z,0.0295148905670560
2025-05-03T00:00:00Z,0.0290565105801983
2025-05-04T00:00:00Z,0.0295203665177613
2025-05-05T00:00:00Z,0.0294383373732276
2025-05-06T00:00:00Z,0.0295740330029688
2025-05-07T00:00:00Z,0.0295637676129073
2025-05-08T00:00:00Z,0.0324636098620202
2025-05-09T00:00:00Z,0.0340397787722893
2025-05-10T00:00:00Z,0.0291980661853501
2025-05-11T00:00:00Z,0.0332183855075975
2025-05-12T00:00:00Z,0.0330786374502587
2025-05-13T00:00:00Z,0.0305112081261244
2025-05-14T00:00:00Z,0.0305587731907448
2025-05-15T00:00:00Z,0.0305027730242400
2025-05-16T00:00:00Z,0.0273595202127043
2025-05-17T00:00:00Z,0.0290881769269200
2025-05-18T00:00:00Z,0.0303562527527574
2025-05-19T00:00:00Z,0.0302288065488634
2025-05-20T00:00:00Z,0.0308383808664703
2025-05-21T00:00:00Z,0.0307285176923895
2025-05-22T00:00:00Z,0.0313324955428992
2025-05-23T00:00:00Z,0.0304976018143611
2025-05-24T00:00:00Z,0.0322874194747358
2025-05-25T00:00:00Z,0.0273844843782823
2025-05-26T00:00:00Z,0.0299814715446664
2025-05-27T00:00:00Z,0.0314775173735691
2025-05-28T00:00:00Z,0.0304310854368683
2025-05-29T00:00:00Z,0.0314110613442300
2025-05-30T00:00:00Z,0.0305686937326256
2025-05-31T00:00:00Z,0.0296021297450320
2025-06-01T00:00:00Z,0.0299776262547275
2025-06-02T00:00:00Z,0.0305607204219434
2025-06-03T00:00:00Z,0.0305294144354028
2025-06-04T00:00:00Z,0.0306118110381724
2025-06-05T00:00:00Z,0.0313378516329065
2025-06-06T00:00:00Z,0.0306774939773606
2025-06-07T00:00:00Z,0.0295531339265336
2025-06-08T00:00:00Z,0.0294102060968074
2025-06-09T00:00:00Z,0.0315022547225338
2025-06-10T00:00:00Z,0.0314013012847878
2025-06-11T00:00:00Z,0.0312209411633924
2025-06-12T00:00:00Z,0.0311132838624656
2025-06-13T00:00:00Z,0.0313069587437194
2025-06-14T00:00:00Z,0.0271731168295921
2025-06-15T00:00:00Z,0.0294082570990091
2025-06-16T00:00:00Z,0.0299250811048910
2025-06-17T00:00:00Z,0.0298687054662060
2025-06-18T00:00:00Z,0.0304954711562345
2025-06-19T00:00:00Z,0.0297023417252670
2025-06-20T00:00:00Z,0.0299903808253459
2025-06-21T00:00:00Z,0.0304838304198800
2025-06-22T00:00:00Z,0.0313909610137708
2025-06-23T00:00:00Z,0.0314955219920540
2025-06-24T00:00:00Z,0.0305792300168771
2025-06-25T00:00:00Z,0.0305438437715414
2025-06-26T00:00:00Z,0.0316641173345694
2025-06-27T00:00:00Z,0.0275251674585120
2025-06-28T00:00:00Z,0.0289168426328871
2025-06-29T00:00:00Z,0.0293873515397816
2025-06-30T00:00:00Z,0.0299904910044133
2025-07-01T00:00:00Z,0.0299653480090453
2025-07-02T00:00:00Z,0.0298035462434788
2025-07-03T00:00:00Z,0.0293758027572294
2025-07-04T00:00:00Z,0.0290460237339168
2025-07-05T00:00:00Z,0.0290608199768692
2025-07-06T00:00:00Z,0.0295562241142046
2025-07-07T00:00:00Z,0.0298649596599167
2025-07-08T00:00:00Z,0.0296148000898239
2025-07-09T00:00:00Z,0.0301708777020094
2025-07-10T00:00:00Z,0.0316719487943150
2025-07-11T00:00:00Z,0.0294425980777553
2025-07-12T00:00:00Z,0.0288656967891475
2025-07-13T00:00:00Z,0.0302060224133980
2025-07-14T00:00:00Z,0.0302964172993642
2025-07-15T00:00:00Z,0.0304076448477565
2025-07-16T00:00:00Z,0.0309364421956471
2025-07-17T00:00:00Z,0.0313822189513360
2025-07-18T00:00:00Z,0.0294699231612548
2025-07-19T00:00:00Z,0.0293217122730940
2025-07-20T00:00:00Z,0.0300753881094588
2025-07-21T00:00:00Z,0.0300447067732342
2025-07-22T00:00:00Z,0.0295211701448546
2025-07-23T00:00:00Z,0.0309480850053933
2025-07-24T00:00:00Z,0.0283372867452997
2025-07-25T00:00:00Z,0.0286902920286832
2025-07-26T00:00:00Z,0.0286306113815468
2025-07-27T00:00:00Z,0.0288681976140601
2025-07-28T00:00:00Z,0.0291402591190623
2025-07-29T00:00:00Z,0.0294999068484440
2025-07-30T00:00:00Z,0.0295864560970113
2025-07-31T00:00:00Z,0.0291127964235181
2025-08-01T00:00:00Z,0.0291681139981223
2025-08-02T00:00:00Z,0.0287017761819832
2025-08-03T00:00:00Z,0.0294007389455684
2025-08-04T00:00:00Z,0.0278960414866898
2025-08-05T00:00:00Z,0.0291939297985318
2025-08-06T00:00:00Z,0.0289393491330485
2025-08-07T00:00:00Z,0.0291965882988382
2025-08-08T00:00:00Z,0.0293352027475938
2025-08-09T00:00:00Z,0.0291218933551688
2025-08-10T00:00:00Z,0.0290934096632460
2025-08-11T00:00:00Z,0.0294204855309979
2025-08-12T00:00:00Z,0.0305299268501162
2025-08-13T00:00:00Z,0.0300389699776246
2025-08-14T00:00:00Z,0.0298162689238128
2025-08-15T00:00:00Z,0.0293660036448400
2025-08-16T00:00:00Z,0.0284020334705275
2025-08-17T00:00:00Z,0.0290163258549139
2025-08-18T00:00:00Z,0.0300443189545564
2025-08-19T00:00:00Z,0.0285580243282184
2025-08-20T00:00:00Z,0.0294580072644476
2025-08-21T00:00:00Z,0.0292494552830681
2025-08-22T00:00:00Z,0.0303280414745379
2025-08-23T00:00:00Z,0.0284161325768216
2025-08-24T00:00:00Z,0.0294238015201061
2025-08-25T00:00:00Z,0.0292909151496211
2025-08-26T00:00:00Z,0.0288866140016674
2025-08-27T00:00:00Z,0.0293419643750117
2025-08-28T00:00:00Z,0.0284704285091267
2025-08-29T00:00:00Z,0.0282516263482059
2025-08-30T00:00:00Z,0.0312693889027181
2025-08-31T00:00:00Z,0.0258188701140912
2025-09-01T00:00:00Z,0.0307235985594155
2025-09-02T00:00:00Z,0.0288095183249791
2025-09-03T00:00:00Z,0.0286700916077680
2025-09-04T00:00:00Z,0.0287798231533251
2025-09-05T00:00:00Z,0.0287138222056245
2025-09-06T00:00:00Z,0.0281334231290454
2025-09-07T00:00:00Z,0.0282961952798337
2025-09-08T00:00:00Z,0.0286455050775036
2025-09-09T00:00:00Z,0.0282003422350934
2025-09-10T00:00:00Z,0.0283269956643284
2025-09-11T00:00:00Z,0.0287238950209846
2025-09-12T00:00:00Z,0.0284537812295098
2025-09-13T00:00:00Z,0.0282956174282737
2025-09-14T00:00:00Z,0.0284463906976671
2025-09-15T00:00:00Z,0.0286508285621552
2025-09-16T00:00:00Z,0.0285617203470004
2025-09-17T00:00:00Z,0.0295350489665769
2025-09-18T00:00:00Z,0.0287016111075339
2025-09-19T00:00:00Z,0.0283133184839454
2025-09-20T00:00:00Z,0.0279548993451237
2025-09-21T00:00:00Z,0.0289695853728591
2025-09-22T00:00:00Z,0.0285208137259525
2025-09-23T00:00:00Z,0.0290506434671855
2025-09-24T00:00:00Z,0.0288085451464941
2025-09-25T00:00:00Z,0.0291019338358401
2025-09-26T00:00:00Z,0.0286431487047675
2025-09-27T00:00:00Z,0.0281344926282397
2025-09-28T00:00:00Z,0.0286180530567972
2025-09-29T00:00:00Z,0.0293297880547623
2025-09-30T00:00:00Z,0.0287012978271008
2025-10-01T00:00:00Z,0.0288409219369941
2025-10-02T00:00:00Z,0.0285866736340191
2025-10-03T00:00:00Z,0.0286555541532618
2025-10-04T00:00:00Z,0.0281044413893029
2025-10-05T00:00:00Z,0.0281848690339860
2025-10-06T00:00:00Z,0.0287460878052381
2025-10-07T00:00:00Z,0.0288678524517414
2025-10-08T00:00:00Z,0.0286179103638931
2025-10-09T00:00:00Z,0.0286142901745539
2025-10-10T00:00:00Z,0.0388690610433018
2025-10-11T00:00:00Z,0.0290387159555898
2025-10-12T00:00:00Z,0.0293243607160737
2025-10-13T00:00:00Z,0.0290880738470997
2025-10-14T00:00:00Z,0.0296731473353629
2025-10-15T00:00:00Z,0.0308208156021548
2025-10-16T00:00:00Z,0.0265220869784242
2025-10-17T00:00:00Z,0.0286497440883462
2025-10-18T00:00:00Z,0.0281682473456996
2025-10-19T00:00:00Z,0.0281122739852708
2025-10-20T00:00:00Z,0.0286268165892186
2025-10-21T00:00:00Z,0.0284341803132849
2025-10-22T00:00:00Z,0.0285234692134363
2025-10-23T00:00:00Z,0.0285154102807896
2025-10-24T00:00:00Z,0.0284713629587924
2025-10-25T00:00:00Z,0.0281844141507197
2025-10-26T00:00:00Z,0.0287343551089081
2025-10-27T00:00:00Z,0.0287749519397565
2025-10-28T00:00:00Z,0.0285280961780433
2025-10-29T00:00:00Z,0.0298267946320303
2025-10-30T00:00:00Z,0.0280544634014807
2025-10-31T00:00:00Z,0.0284363683161779
2025-11-01T00:00:00Z,0.0281295465758236
2025-11-02T00:00:00Z,0.0286526250666764
2025-11-03T00:00:00Z,0.0302501355687214
2025-11-04T00:00:00Z,0.0311550832758911
2025-11-05T00:00:00Z,0.0288847563044190
2025-11-06T00:00:00Z,0.0304670907566733
2025-11-07T00:00:00Z,0.0284027575269006
2025-11-08T00:00:00Z,0.0282414056599151
2025-11-09T00:00:00Z,0.0285962268482434
2025-11-10T00:00:00Z,0.0292625397955451
2025-11-11T00:00:00Z,0.0286528150121175
2025-11-12T00:00:00Z,0.0284033195061401
2025-11-13T00:00:00Z,0.0325033834279519
2025-11-14T00:00:00Z,0.0260867512524716
2025-11-15T00:00:00Z,0.0281010965037837
2025-11-16T00:00:00Z,0.0289387085301367
2025-11-17T00:00:00Z,0.0296165925958148
2025-11-18T00:00:00Z,0.0312193043644977
2025-11-19T00:00:00Z,0.0263463800316130
2025-11-20T00:00:00Z,0.0305975074236848
2025-11-21T00:00:00Z,0.0290808348175234
2025-11-22T00:00:00Z,0.0282554188496605
2025-11-23T00:00:00Z,0.0282513016878707
2025-11-24T00:00:00Z,0.0284041885694081
2025-11-25T00:00:00Z,0.0285607148886747
2025-11-26T00:00:00Z,0.0285183006356081
2025-11-27T00:00:00Z,0.0283456194404150
2025-11-28T00:00:00Z,0.0282555754380202
2025-11-29T00:00:00Z,0.0309955512261231
2025-11-30T00:00:00Z,0.0255436680205976
2025-12-01T00:00:00Z,0.0285622152139914
2025-12-02T00:00:00Z,0.0285975093935309
2025-12-03T00:00:00Z,0.0254125135766569
